id,text
1,"ขอบคุณอาสาประชาชน, ทีม Tact AI และ Hatyai Connext ได้ช่วยกันพัฒนา ""ระบบกวาดข้อมูลจากโซเชียลมีเดีย"" ให้กลายเป็นข้อมูลเชิงโครงสร้างเข้าระบบ jitasa.care
.
📌 จากโพสต์และคอมเมนต์ขอความช่วยเหลือจำนวนมาก ที่ยังมีหลายคนรอการช่วยเหลืออยู่ในที่ประสบเหตุ เมื่อคืนทีมอาสา/นักพัฒนาได้ช่วยกันทำงานตลอดคืนเพื่อกวาดข้อมูลจากสื่อ social media โดยใช้ AI เพื่อคัดแยก
.
- ผู้ป่วย / กลุ่มเสี่ยง
- เบอร์ติดต่อ
- พิกัดผู้ขอความช่วยเหลือ
.
พร้อมอาสาสมัครช่วยตรวจสอบและคัดกรองข้อมูลก่อนส่งต่อเข้าสู่ jitasa.care ให้ทีมภาคสนามเข้าช่วยเหลือต่อได้ ซึ่งสิ่งจำเป็นที่จุดตอนนี้คือการรวมศูนย์ข้อมูลการเข้าช่วยเหลือผู้ประสบภัย เพื่อให้ทุกภาคส่วนทั้งภาครัฐ อาสาสมัคร ภาคประชาชนที่ปฏิบัติหน้าที่อยู่หน้างาน เห็นข้อมูลที่ตรงกัน ไม่ทำงานซ้ำซ้อน จัดลำดับความสำคัญ และเข้าช่วยเหลือได้ตรงจุด
.
โดยเมื่อคืนที่ผ่านมา อาสาสมัคร/นักพัฒนาได้คัดแยกและส่งต่อข้อมูลเข้าระบบแล้วกว่า 20,000 ข้อความจากหลายแพลตฟอร์ม
.
โดยตัวผมจะเดินทางเข้าพื้นที่ในวันนี้ เพื่อติดตามสถานการณ์จริงหน้างาน และเข้าช่วยเหลือ/เติมเต็ม/สนับสนุนในสิ่งที่ขาดและจำเป็นเร่งด่วนที่สุดตอนนี้ครับ
.
แจ้งข้อมูลขอรับความช่วยเหลือได้ที่: https://jitasa.care/"
2,สวัสดีครับ ทางผมมีข้อมูลผู้ประสบภัย ยินดีช่วยเหลือครับ ถ้าหากสามารถ merge เข้าระบบทางนั้นได้ยิ่งดีเลยครับ
3,"ขอรบกวนฝากเคสไว้หน่อยนะคะ 🙏

พิกัด: 6.989967413615482, 100.45455523705056

🚨🚨🚨 ขอแจ้งอพยพด่วน 🆘
บ้านชั้นครึ่ง ตอนนี้น้ำขึ้นชั้น2 มาหลายชั่วโมงแล้วค่ะ 
แม่ติดอยู่ในบ้านคนเดียวกับแมว 1 ตัวค่ะ
ซ.จันทคาร 6 บ้านหน้าควน  ติดคลอง ร.1 🚨🚨🚨 

ปากซอยเป็นร้าน""ลูกจันแก๊ส ก่อนข้ามไป ร.ร. บ้านหน้าควน 

จุดสังเกต: บ้านหลังคาสีเขียว มิดหลังคาชั้น 1 หลังคาลาดเอียง 
 
ทางออกเดียวคือ 'งัดฝ้าปีนขึ้นหลังคา' ค่ะ 

ติดต่อแม่ไม่ได้ไม่รู้แม่จะปีนหนีออกมาได้ไหมค่ะ ‼️‼️‼️‼️

ระเบียงบ้านชั้น2 เป็นเหล็กดัดค่ะ 
ไม่สามารถหนีออกมาได้ค่ะ  ‼️‼️

091461**** / 094-581-**** - ปริสา (ลูกสาวค่ะ)

ขอบคุณค่ะ 🙏🙏"
4,"🚨ต้องการอพยพด่วน น้ำขึ้นชั้นสองจะอยู่กันไม่ได้แล้วครับ!!

จุด1️⃣มีผู้ป่วยต้องฟอกไต1คนตัวบวมแล้ว และมีคนติดอีกเป็น10+ พิกัดโชคสมาน5 ซอย 14 หาดใหญ่
จุด2️⃣ 1/56 ถนนประชาอุทิศ ตำบลหาดใหญ่ อำเภอหาดใหญ่ผู้ใหญ่ 3 เด็ก 3 ขวบ1 คน
จุด3️⃣ ชุมชนหลังโรงพัก ถนนหน้าสถานี ซอย.1ตำบล หาดใหญ่ อำเภอหาดใหญ่ คนแก่อยู่กัน2คน น้ำขึ้นชั้น2ตั้งแต่เช้ามืดแล้วครับ 
ทั้งหมดขาดการช่วยเหลือมาเข้าวันที่4แล้วครับ 
ผู้แจ้ง 091-884-**** เบส"
5,"#ต้องการอพยบด่วย ‼️‼️ตอนตี 3. น้ำในบ้านเลยเอวมาแล้วค่ะ 
รบกวนขอความช่วยเหลือหน่อยคะ  เพื่อนและครอบครัวเพื่อนติดอยู่ในบ้านหลายคน ตอนนี้พื่นที่หน้างานน้ำพ้นหัวแล้ว ในบ้านกำลังเท่าหัวเข่า ณ เวลา 20:50 น น้ำยังคงเข้าเรื่อยๆ 
22/4 ม.12 ต.ท่าช้าง อ.บางกล่ำ 
093-714****
087-292****
087-295****"
6,"🆘ต้องการความช่วยเหลือด่วนค่ะ🆘
ตอนนี้น้องชายติดอยู่ คาเฟ่หน้าประปาหาดใหญ่ สมาชิก 7คน 
#พิกัด อาคารพาณิช 3 ชัน 227 ถ.พลพิชัย
ต.หาดใหญ่ อ.หาดใหญ่ จ.สงขลาหน้า ประตูทางเข้าประปา #ไฟโดนตัด ไม่มีสัญญานมือถือ  ข้าวยัง ไม่ได้กิน 4-5 วันแล้ว 
เบอร์ติดต่อ 06-2563-**** (ไม่สามารถติดต่อได้ตั้งแต่เมื่อวาน)"
7,"หลังมัสยิด สถานี2‼️ ต้องการความช่วยเหลือด่วน มีเด็ก2เดือนไม่ได้กินนมมา3วันแล้ว มีคนแก่และเด็กมีโรคประจำตัว ต้องการอพยบ ตอนนี้อยู่รวมกันประมาณ30คนคะ อดข้าวอดรู้า4วันแล้วคะ พิกัด 6/1 ถ สุดานิเวศน์ ต หาดใหญ่  อ หาดใหญ่ จ สงขลา 😥 ช่วยด้วยนะคะ เบอร์ติดต่อ 062-049****
ฝากหน่อยนะค่ะ🥹"
8,"ขอความช่วยเหลืออพยพคนด่วนค่ะ ‼️
ผู้ติดในบ้านชื่อ : ซันมา 
เบอโทรผู้ประสบภัย: 087-355-****
จำนวน 5 คน มีผู้ป่วยติดเตียงไม่สามารถเดินได้ 1คน เด็ก1 
พิกัด: บ้าน 41 ซอยมุสลิม (ซอยปั้มเซล วงเวียนน้ำพุ)

โทร 064069**** (ญาติผู้แจ้ง)
สันญาณโทรศัพท์ไม่มี เน็ตไม่มี ติดต่อใครไม่ได้"
9,"🆘ขอความช่วยเหลือด่วนครับ🆘
ต้องการอพยพ 6 คน ติดอยู่ในห้อพัก3วันแล้วครับ ในหอพักซาฟารี เลขที่6 หมู่2 ซอยสามพี่น้อง ตำบลควนลัง อำเภอหาดใหญ่ จังหวัดสงขลา  ตอนนี้น้ำขึ้นสูงถึงชั้น2ของห้องพักมีผู้หญิง5คน ผู้ชาย1คน  ไม่มีเด็ก ไม่มีคนชราครับ  ตอนนี้ยังไม่มีหน่วยงานใหนเข้าไปให้การช่วยเหลือครับอาหารกำลังจะหมดด้วยครับ🥺🥲
พิกัด 7.00646945030749°N 100.450696349144°E

โทร 091703**** กะดา"
10,"🚨🚨 ขอความช่วยเหลือครับ 🚨🚨
พ่อแม่  ติดอยู่ในบ้านชั้น 2 ของบ้าน
** จำนวน 2 คน ** ผู้ใหญ่ 2 คน **
ตอนนี้น้ำขึ้นถึงชั้น 2 แล้วครับ ต้องการอพยพด่วนๆครับ ช่วยด้วยครับ
📍249/3  ซอย 5 ถนนรัถการ ต.หาดใหญ่ อ.หาดใหญ่ จ.สงขลา 
ต้องการอพยพ โทร 094-257****

## มีประชาชนติดอยู่ในซอยจำนวนมาก ตอนนี้ไม่มีสัญญาณ แบตหมดแล้วครับ 
#น้ำท่วมหาดใหญ่ #เทศบาลนครหาดใหญ่"
11,"@จันทนา 
-วันอังคาร ที่25 พฤศจิกายน 2568

-ต้องการให้ช่วยอพยพ
  •นักศึกษา 4 คน
   •ต้องการอาหารเเละน้ำ

-จำนวนที่ติดอยู่ 4 คน
-ระดับน้ำกำลังจะขึ้นชั้น2

-ที่อยู่ สามพี่น้อง อพาร์ทเม้นท์ 
1 ซอยพาหุรัตน์ หมู่ที่ 1 ต.ควนลัง อ.หาดใหญ่ จ.สงขลา

-เบอร์ติดต่อ
06-3617-****
083-430-****
นศ จาก ม.อ.ตรัง ฝึกงานที่หาดใหญ่ค่ะ"
12,"ขอความช่วยเหลือด่วนค่ะ🚨🚨🚨
ที่บ้านมีผู้ใหญ่ 5 ท่าน เด็กเล็ก 1 ตอนนี้ไม่มีอาหารและนมเหลือแล้วค่ะ
เบอร์โทรติดต่อ 091-046-**** / 096-691-****
94/20 ม.4 ซอยสามสี ถ.ทุ่งทอง ต.คลองแห อ.หาดใหญ่ จ.สงขลา 
(หลัง Big C คลองแห)"
13,"📍sos 🔴
148ซอย13รัตนอุทิศ  ต.หาดใหญ่
อ.หาดใหญ่, สงขลา 90110 

#ขอให้หน่วยงานไหนก็ได้เข้าไปช่วยหน่อยค่ะ 
มีเด็กเล็ก2ขวบกว่า คนแก่ประมาณ70ผู้ใหญ่อีก2คนยังติดอยู่ในบ้าน
ขอความช่วยเหลือหน่อยค่ะเพราะติดต่อใครไม่ได้เลยค่ะ2วันแล้ว
#ฝากเพื่อนๆพี่ๆน้องๆช่วยกันแชร์หน่อยค่ะ
#น้ำท่วมหาดใหญ่
#น้ําท่วมปี2568"
14,"🆘ขอความช่วยเหลือหน่อยค่ะ (ใกล้ครัวชื่นสุข)🆘
ตอนนี้น้องชายติดอยู่ในบ้านที่ควนลัง มีผู้ชาย 1 คน และ ผู้สูงอายุ อายุ 85 ปี อีก 1 คน มีโรคประจำตัวด้วย หูไม่ได้ยินด้วยค่ะ ตอนนี้ติดต่อไม่ได้แล้ว 

อยู่บ้านเลขที่ 45 ถ. ท่าเคียน 1 ต. ควนลัง อันนี้เบอร์ติดต่อ  063193-**** (พร)"
15,"❗️โซนที่อยู่: ชุมชนต้นโดน ถนนโชคสมาน 5 เลขที่ 1015 ถ.ราษฎร์อุทิศ ต.หาดใหญ่ อ.หาดใหญ่ จ.สงขลา

คนในบ้าน: มีทั้งหมด 9 คน ผู้ใหญ่ 7 คน เด็กเล็ก 2 คน(ตอนนี้เริ่มมีไข้ ไม่สบาย)

จุดสังเกตุ : อยู่ใกล้  รร.นานาชาติ Southern International school

⛔️ต้องการ: อพยพ!!!

ติดต่อ: 062850****, 093775****(เบอร์ผู้แจ้ง)

 ตอนนี้คนในบ้านไม่สามารถติดต่อได้แล้วค่ะ"
16,"#ขอความช่วยเหลือสามีเพื่อนค่ะ 
แกเป็นโรคแพนิค ต้องการอพยพ น้ำเชี่ยวไม่สาทารถออกจากตัวบ้านได้ 

📍โครงการบ้าน Silvano 33/10 ถ.ประชาอุทิศ2 ม.6 คลองแห บ้านหลังที่ 2 … ไปทางแยกบิ้กซีเข้าถนนอัมพวัน แล้วเลี้ยวเข้าถนนแสงทอง เลี้ยวเข้าโค้งตรงโรงเรียนหนองนายขุ้ยค่ะ ตรงไปจะเจอบริษัทพีเคเทมเปอกลาส เลยไปอีกนิดเป็นทาวโฮมแถวนั้นมีคนติดอยู่ในบ้านหลายหลัง 

📞โทร สามี 061248**** ดิเรกฤทธิ์ จันทรสุวรรณ 
📞080606**** ปิยนุช จันทรสุวรรณ 

ภรรยาผู้แจ้ง อยู่นอกพื้นที่ไม่ได้อยู่ด้วยกันค่ะ สามีติดต่อไม่ได้เลยสัญญาณอ่อนมากๆ

#หาดใหญ่สงขลา #หาดใหญ่ #น้ำท่วมหาดใหญ่"
17,"❗❗🙏SOS น้ำท่วม🙏❗❗
1.ชื่อผู้แจ้ง แสงระวี ไพรดุก
2.ทีอยุ่/พิกัดที่ต้องการความช่วยเหลือ
บริษัท สยาม แชลลอทจำกัด 
525 ถนนราษฎร์อุทิศ ตำบลหาดใหญ่ 
อำเภอหาดใหญ่ จ.สงขลา 
จุดสังเกตุ ตรงข้ามร้าน เค แอนด์ พี เฟอร์นิเจอร์ (ป้ายใหญ่ๆสีเหลือง)
3.จำนวนคนที่ติดอยู่ในพื้นที่  5 คน 
บนชั้น 2 ซึ่งน้ำกำลังขึ้นมาถึงแล้ว
4.ผู้ป่วย/ผู้บาดเจ็บ : มีเด็กเล็ก 
5.เบอร์ติดต่อกลับ : 081081**** แม่
084454**** ผู้แจ้ง

วันที่24/11/68 เวลา 23.51 
เบอร์ผู้ประสบภัยที่ยังติดต่อไม่ได้ 083304**** คุณดึง"
18,ผมเคยใช้ Google map เพิ่อใส่ข้อมูลงานเจาะสำรวจดินในภาคใต้ โดยเขียน Javascript ควบคุมการทำงาน เมื่อมีงานเข้ามาก็ใส่ลงใน google map โดยให้เจ้าหน้าที่จัดการ ฝ่ายผมเพียงแต่เปิดดู และทำรายงานผลการเจาะสำรวจดินเข้าไปประกอบ โปรแกรมนี้ใช้งานได้ดีมาก ไม่เคยมีปัญหาอะไร ใครต้องการทราบข้อมูลตรงไหนก็สอบถามมา ผมก็เปิดแมพ และดูข้อมูล แล้วแจ้งเขาไป
19,"🚨🚨ขอความช่วยเหลือ ต้องการน้ำดื่ม อาหาร 🚨🚨
บ้านเลขที่ 39/6 ถนนศรีภูวนารถ (ติดร้านล่าถางเค่อ หมาล่า , ก๋วยเตี๋ยวกูฟู)
ตอนนี้มีคนในบ้าน 4 คน
⚡⚡ มีผู้ป่วยติดเตียง(อายุ 70+), ผู้สูงอายุ(อายุ70) ⚡⚡

ติดต่อ  084-633**** เดียร์ อยู่ในพื้นที่ดังกล่าว
094-953**** กอล์ฟ อยู่นอกพื้นที่"
20,"รบกวนช่วยเหลือด้วยนะคะ

มีทั้งหมด 8คน นะคะ
-เด็ก 5ขวบ 1คน
-ผู้ใหญ่ 7คน (อายุ 80++ 1คน , 60++ 4คน , 30++ 2คน) ค่ะ

ติดต่อ 094-414**** ค่ะ

https://maps.app.goo.gl/mBinFPysaN9jJGHy7?g_st=ic"
21,"SOS น้ำท่วม 
1. ชื่อผู้แจ้ง: ฝ้าย
2. ที่อยู่/พิกัดที่ต้องการความช่วยเหลือ: บ้านแม่คล้า ม.8 ต.ทุ่งลาน อ.คลองหอยโข่ง จ.สงขลา
พิกัด 6.8863565,100.4347781
3. จำนวนคนที่ติดอยู่ในพื้นที่:  6 คน
4. ผู้ป่วย/ผู้บาดเจ็บ (ถ้ามี):
- รายละเอียดอาการ: 
-ผู้สูงอายุ/เด็ก/ผู้พิการะ: มีคนแก่ 95 ปี 1 คน ผู้ป่วยล้างไตสุขภาพไม่แข็งแรง 1 คน ผู้ใหญ่ 4 คน แมว 1 ตัว 
5. เบอร์ติดต่อกลับ: 094320**** (ฝ้าย)
/081896****
วันที่ 25/11/68 เวลา 18.54น.
https://maps.app.goo.gl/owtxCtrBAFvxEx5V7?g_st=ipc"
22,"⚠️⚠️⚠️ขอความช่วยเหลือ ⚠️⚠️⚠️
มีเด็กเล็ก 3คน ผู้ใหญ่คนแก่ 2คน  
ต้องการความช่วยเหลือออกไปอยู่ศูนย์พักพิง

📌1.จุดพื้นที่บ้าน : ตอนนี้อยู่ซอย 30/2 ถ.ราษฎร์อุทิศ (เขต8)
บ้านอยู่ท้ายๆซอย 
📌2.ต้องการความช่วยเหลือออกไปอยู่ศูนย์พักพิง
📌3. เบอร์ติดต่อ 
เบอร์แม่ 093576****
เบอร์ป๊า 081957****
เบอร์แชมป์ 097136****
เบอร์ดรีม 083656****
เบอร์ปุ๊กกี้ 080147****
📌4.ผู้แจ้งเป็นเพื่อนค่ะ 

ตอนนี้น้ำท่วมมิดชั้น 1 แล้วค่ะ
นมหมด แพมเพิสหมด อาหารหมดแล้วค่ะ

พิกัด
https://maps.app.goo.gl/s2QcE9VPLbHW4aPv8?g_st=il
Superdream Areeya Champ 'Cheerawit"
23,"📍รบกวนประสารงานหน่อยค่ะ ต้องการอพยพด่วนค่ะ ติดอยู่3-4วันแล้วค่ะ
📌แบ่งช่วยเหลือโซนจันทร์ประทีปด้วยค่ะ ทั้งโซนไม่ได้รับการช่วยเหลือมา 3 วันแล้วค่ะ 
🆘ขอความช่วยเหลือด่วนค่ะ บ้านเลขที่94 ถ.จันทร์ประทีป ต.หาดใหญ่ อ.หาดใหญ่ จ.สงขลา ในบ้านมีผู้ใหญ่ติดอยู่ในบ้าน 5 คน ติดอยู่ในบ้าน 3-4วันแล้ว มีคนแก่1คน อายุ 74 มีโรคประจำตัว 1 คนอ้วน(ผู้ชาย) ร่างกายอ่อนแรง ผู้หญิงอายุ 55 มีโรคประจำตัว แมวอีก2ตัว ผู้ชายอีก2คน(ได้รับบาดเจ็บ1คน) สนัขพันธ์เล็ก1 ตัว
‼️ล่าสุดน้ำขึ้นจะมิดชั้น2แล้วค่ะบริเวณใกล้เคียงก็มีคนแก่ มีเด็กด้วยค่ะ ตอนนี้ติดต่อคนในบ้านไม่ได้เลยค่ะ 061175****
https://maps.app.goo.gl/5ijvEKnr2Z4n9PdY6?g_st=ipc
⚠️ #เส้นถนนจันทร์ประทีปทั้งชุมชนยังไม่ได้รับอพยพจากหน่วยงานไหนเลยค่ะ"
24,"🆘 ขอความช่วยเหลือด่วนครับ 
ตอนนี้ในพื้นที่ ม.2 หน้ากุโบร์ ควงลัง อ.หาดใหญ่ จ.สงขลา ตึกอยู่ระแวกไกล้ๆมัสยิดนูรตักวา 
ซอยสามสกุล ซอย 2 (ตึกสีส้ม) 
ตอนนี้น้ำท่วมชั้น 2 จะจมมิดลังคาแล้ว
ไม่สามารถติดต่อพี่ชายได้ 3 วันแล้วครับ
เป็นหอพักมีคนจำนวนมากติดอยู่
ฝากหน่วยงานเข้าไปช่วยเหลือด้วยครับ 
ติดต่อ 087968****
           095713****
ขอบคุณครับ

#📌รอคอยเจ้าหน้าที่เข้าไปอพยพครับ

📍📍📍📍https://maps.app.goo.gl/4UiCxJ5T8X7uHf6c8?g_st=ic"
25,"🆘ขอความช่วยเหลือค่ะ
พิกัด 46 ถ.เทศาพัฒนา ซอย2 ยังติดต่อใครไม่ได้เลยค่ะ มีเด็ก2 ผู้ใหญ่2
#ขอความช่วยเหลือด่วน

พิกัด https://maps.app.goo.gl/Hsa3epqBzzGPL9JV6?g_st=ipc

ติดต่อ 081-932-**** (แตง น้องสาว)"
26,"https://maps.app.goo.gl/eSaz1sASasU7Upat8?g_st=ipc
ขอความข่วยเหลือด้วย ไม่ได้เด็กๆกินอะไรมา4วันแล้ว
ข่วยติดต่อประสานก็ได้ค่ะ
ขอความช่วยเหลือ อพยพด่วนตอนนี้น้ำถึงชั้น2แล้ว
ผู้ใหญ่2 เด็ก2084-212-2575ถ้รวมทั้ซอยติดอยู่ประม่ณ20คน
บ้านเลขที่ 322/3 ซ.ไทยสมุทร หรือ ซ.บ้านขวัญ อ .หาดใหญ่ ตืดต่อด่วน
 084-212-****
084-996-****"
27,"🚨ต้องการอพยพออกจากพื้นที่ด่วนค่ะ 🚨
พิกัดซอย 36/4 ถ.เพชรเกษม ต.ควนลัง อ.หาดใหญ่ 
ใกล้โลตัสหาดใหญ่ใน น้ำในซอยท่วมสูง ขอเรือมารับออกจากพื้นที่ ผู้ใหญ่ 3 เด็ก 1
095-440**** (มารีน่า) 098-462**** (อดิศร)"
28,"🚨⚠️🆘
หากติดต่อไม่ได้ 
แบตหมดนะคะ🥺
ชุมชนทุ่งเสา 71ซอย4 ทุ่งเสา2ต.หาดใหญ่ทั้งผู้ใหญ่ทั้งเด็กเล็ก😭
093-746****(นนท์)
061208****(เอียด)
ต้องการอพยพค่ะออกจากบ้านค่ะน้ำจะถึงชั้น2แล้วค่ะ"
29,"ขอรบกวนฝากเคสไว้หน่อยนะคะ 
🚨🚨🚨 ขอแจ้งอพยพ 🆘

บ้านเลขที่ 64 หมู่ 1 ซ.สัมพันธชิต 15  ต.ควนลัง
พิกัด : 6.987137, 100.453170
บ้านอยู่ท้ายซอย ในบ้านมีกัน 3  คน พ่อแม่และน้องสาว ตอนนี้ติดต่อไม่ได้แล้ว คาดว่าน้ำถึงชั้น 2

รบกวนช่วยด้วยนะคะ
089 - 465**** - ยุ้ย ลูกสาว"
30,"📌📌มีคนติดในบ้าน ขอเรือด่วนค่ะเท่าไหร่ก็ยอสจ่าย จะจมน้ำเเล้ว
#ตอนนี้ริมคลองร 1ท่าเคียน 14
ท่วมชั้น 2 ตอนนี้แอบอยู่บนฝ้า ❌น้องโทรมาบอกว่าน้องไม่ไหวแล้วเสียงน้องโรยรามากค่ะ มีแม่ ยาย และน้องชาย ทั้งหมด3คนค่ะ  ❌ 
 

🚩มันติดคลองร. 1 แค่ไม่ถึง 200 เมตร มันอยู่ไม่ได้แล้วต้องออกตอนนี้เลยค่ะ #ช่วยด้วยค่ะ ช่วยติดต่อให้ไปตามพิกัดนี้หน่อย
38 ม. 1 ท่าเคียน 14 ต.ควนลัง อ.หาดใหญ่ จ.สงขลา น้องชายแบตหมดด้วยค่ะ ติดต่อกลับ 080991****"
31,"📌📌รบกวนขอความช่วยเหลือค่ะ

น้องติดอยู่ในบ้าน ทั้งหมด 7 คน 
ภายในบ้านยังมีคนแก่อีก 2 คน  
ซอยนี้ไม่มีหน่วยงานใดเข้ามาให้ความช่วยเหลือเลยค่ะ

25 ถนน ประธานอุทิศ ตำบล หาดใหญ่ อำเภอหาดใหญ่ สงขลา 90110

พิกัด 7.013917855297807, 100.46769110646584

สเบียงอาหารเริ่มไม่พอแล้วค่ะ รบกวนหน่วยงานต่างๆเข้าช่วยเหลือหน่อยนะคะ🙏🙏🙏"
32,"ขอความช่วยเหลือ อพยพค่ะ คุณยายอายุ 90 ปี ติดอยู่ในบ้านกับคุณแม่ และน้องชาย (ชื่อผู้ประสบภัย : ครูอุ๊)
📌 บ้านเลขที่ 62 ซอยบุญแก้วอุทิศ ตำบลหาดใหญ่ อำเภอหาดใหญ่ จังหวัดสงขลา
พิกัด: 7.0117830163505435, 100.46029612410959
ติดต่อ 086963****, 089974****
โทรศัพท์สัญาณขาดๆ หายๆ
ผู้ใหญ่ 3 (คนชรา1) น้ำน่าจะขึ้นชั้น 2 แล้ว"
33,ขอความช่วยเหลือพรรคครับ พื้นที่อำเภอจะนะ ถูกตัดสัญญาณ ไฟ น้ำ สื่อสารไม่ได้ตั้งแต่เที่ยงเมื่อวาน ยังไม่มีหน่วยงานไหน ออกมารายงาน ระดับน้ำ ความช่วย ความเร่งด่วนของพื้นทีื และคิดว่ามีคนที่รอความช่วยเหลือไม่น้อย หากพรรคพอจะมีเครือข่ายหรือประสานใครได้ ในการช่วยสื่อสารสิ่งที่เกิดขึ้นในพื้นที่บ้างจะขอบคุณมากครับ 🙏🏻
34,"ช่วยแม่หนูด้วยค่ะ🚩🚩🚩
40 ถ.รัตนอุทิศ ซ.6  แถวสายกลาง เขต8 

🚩ต้องการความช่วยเหลือด่วนค่ะ 🚩ตอนนี้แม่อยู่ในบ้านคนเดียวค่ะ ผญ สูงวัย 
อายุ 60ปี
ชื่อ นางสายใจ ละอองมณี

ทางบ้านติดต่อไม่ได้มา3 วันแล้ว  
****ฝากหน่วยงานช่วยอพยพให้หน่อยได้มั้ยคะ

ติดต่อกลับมาที่ 
080-545****
085-586****"
35,"วันนี้วันที่4 ผ่านไปแล้ว ยังไม่มีหน่วยงานไหนเข้าช่วยเลยค่ะ ยา น้ำ อาหาร ไม่มีแล้วค่ะ
ระดับน้ำ สูงขึ้นเรื่อยๆ ตอนนี้ชั้น 2 ใกล้จมมิดแล้วค่ะ มีเด็ก(ป่วย มีไข้) และ ผู้ใหญ่ รวม 3 คน พิกัด บ้านเลขที่ 14  ซ.2 ดีแลนด์นิเวศ   บ้านหลังหัวมุมเยื้องกับโรงเรียนช่างกลภาคใต้ เลย สี่แยกท่าเคียน ไปสักนิด ซอย ซ้ายมือ เข้าไปในซอย พอประมาณ บ้าน หัวมุม ติดต่อหลายหน่วยงานแล้วแต่ยังไม่ได้รับความช่วยเหลือ เบอร์ 086348**** ชื่อผู้แจ้ง เนื่องจากผู้ประสบภัยติดต่อไม่ได้แล้วค่ะ"
36,"📌ใครสามารถหาเรือหรือติดต่อกู้ภัยช่วยพ่อแม่พี่ออกมาจากบ้านได้ภายในวันนี้ มีค่าช่วยเหลือ 25,000 บาทให้ครับ 📌"
37,สวัสดีค่ะ 📍📍📍ซอยโชคสมานคุณ6 หาดใหญ่ 📍📍📍ขอความช่วยเหลือด้วยคะ ติดตั้งแต่วันเสาร์แล้ว ตอนนี้ขาดการติดต่อไปเลย น้ำขึ้นชั้น2แล้วคะ รบกวนด้วยนะคะ ช่วยพวกเขาด้วยคะ ติดหลายคนเลยคะ ขอให้ทุกคนปลอดภัยด้วยเถิดดดด🤲🤲 (หลานชาย&หลานสะไภ้)
38,เข้าระบบไม่ได้ค่ะ เข้าได้พอจะปักพิกัดค้างตลอดเลยค่ะ ทำมา2วันแล้วค่ะ
39,"💥ขอความช่วยเหลือ💥
ต้องการอาหารเพิ่มเติม

มีคนติดอยู่ด้านใน 4 คน สุนัข 2 ตัว 
เป็น ผู้สูงอายุ 2 คน *** 
อายุ 70 กว่า และ 80 กว่า 
โรคประจำตัว เบาหวาน และมีภาวะสมองเสื่อม

📌พิกัด 
ร้านสุนทนพานิช 
ตรงข้ามเยื้องธนาคาร TTB 
84 ถนน จุติอนุสรณ์ ตำบล หาดใหญ่ 
เบอร์ติดต่อ 086969****

https://maps.app.goo.gl/j6TQi7bxxRm5vhWg8?g_st=ac
 

ติดอยู่ในบ้านชั้น 2-3 
ประมาณ 3 วันแล้ว 
ติดต่อไม่ได้ น่าจะแบตหมด 
เกรงว่าอาหารน่าจะไม่พอ
ขอความช่วยเหลือหน่วยงานที่ผ่านไปทางเส้นนั้นด้วยนะคะ 🙏🙏🙏"
40,ขอให้ทุกๆคนปลอดภัยนะคะ😭😭😭
41,ภาพนี้จริงหรือเปล่า  อยากทราบ
42,ฝากด้วยนะคะ 📍
43,"🆘🙏 ต้องการอพยพด่วน🙏🆘

พิกัด: #หมู่บ้านจุฑากาญจน์ แถวตลาดคลองเตย  ติดคลองร5 บ้านเลขที่2 ถ.จุฑากาญจน์ ต.คอหงส์ อ.หาดใหญ่ จ.สงขลา 
บ้านหลังสีชมพู 

☎️: 091255**** แม่ติ๋ว (ผู้ประสบภัย) ผู้สูงอายุ 
☎️: 088772**** พี่ตั๊ก (ผู้ประสบภัย) ลูกสาว
📞: 062264**** ตุ๊ก (ผู้ขอความช่วยเหลือ) ติดต่อได้ 24 ชั่วโมง

ตอนนี้น้ำในบ้านขึ้นสูงมาก ยายกับน้า ไม่สามารถออกจากบ้านได้แล้วค่ะ ติดอยู่ชั้น 3 ของบ้าน ยายมีโรคความดันสูงและตอนนี้มีไข้ด้วยค่ะ อาหาร น้ำดื่ม ไม่ได้กินมา2วันแล้ว ช่วยด้วยนะคะ🙏🏻🙏🏻🙏🏻
 
https://maps.app.goo.gl/MBYoFEmzL8dWPPscA?g_st=com.google.maps.preview.copy

#น้ำท่วมหาดใหญ่
#ต้องการความช่วยเหลือ"
44,จะโอนเงินช่วย ได้ไงคับ
45,ขอช่องทางบริจาคคับ พรรรคประชาชน
46,"ดีค่ะ  ขอบคุณที่
ช่วยคิด ช่วยทำ เพื่อผู้ที่เดือดร้อน"
47,สุดยอดมากครับผม..ชื่นชม
48,ขอให้ทุกคนปลอดภัย รักษาชีวิตให้รอดด้วยค่ะ
49,"🆘🆘ชุมชมเกาะหมี  พิกัดร้านยาศิลาทอง  74/13 
ต. คลองแห อ.หาดใหญ่ สงขลา ขอความช่วยเหลือด่วน  มี  เด็ก4คน ผู้ใหญ่2  ติดอยู่ชั้น2 ของบ้าน ชั้น 1 น้ำจมหมดแล้ว ต้องการ การอพยพ ด่วนค่ะ 🆘🆘"
50,"📍 หน้าสนามกีฬากลาง 
  อพยพด่วน!!  น้ำท่วมถึงชั้น 2  
ซอยตรงข้ามประตูทางเข้าสนามกลาง 
  📍 83 ถนน นิพัทธ์สงเคราะห์ 1 ซอย 9 เลยโบสถ์คริสจักร์เลี้ยวซ้าย ตรงข้ามบ้านหลังใหญ่ (บ้าน สส )สุดซอย 
  📍มีเด็ก 2 ขวบ /คนแก่ 70 ปี /ผู้หญิง 
   โทรขอความช่วยเหลือทุกช่องทางแล้ว ติดต่อไม่ได้ค่ะ
    📍มีผ้าสีแดงผูกไว้ที่เสาหน้าบ้าน
ผู้ประสบภัย ชื่อ ปลา ( แบตหมด )
ผู้แจ้ง ชื่อ กุ้ง 086-290****"
51,สุดยอดมาก ทำดีโดยไม่ต้องรออนุมัติงบประมาณ
52,"ผมไม่ใช่คนในพื้นที่เลยไม่สามารถเข้าไปปักหมุดใน App ได้ รบกวนทางทีมงานเพจ ขอแรงช่วยเหลือหน่อยครับ
สมาชิกในบ้านมีทั้งหมด 6 คน มีทั้งผู้สูงอายุและเด็ก ไม่มีอาหารและน้ำ เข้าวันที่ 5 แล้วครับ
📌📌บ้านเลขที่83  หมู่ที่-  ซอยคล้อยอุทิศ
ถนนอนุสรณ์อาจารย์ทอง  ตำบลหาดใหญ่  อำเภอหาดใหญ่  จังหวัดสงขลา  90110"
53,"📌📌ขอความช่วยเหลือ อพยพ​ค่ะ
ตอนนี้เด็ก คนแก่ติดอยู่ที่ ซอย 1สาครมงคล  จำนวนหลายหลัง และบ้านเลขที่40, 42 ซ1 สาครมงคล อ.หาดใหญ่ จ.สงขลา มีทั้งเด็กและคนแก่อายุ 74 ปี
คุณแม่น้อย  เด็กชาย เอพริล 
💧น้ำสูงเกินชั้น1 แล้ว 
🍚ไม่มีน้ำดื่ม อาหาร 

ติดมา4วันแล้ว  ขอความช่วยเหลือน้ำเรือเข้ารับด้วยนะคะ 
พิกัด https://maps.app.goo.gl/jSETdWD771i8cWDx8?g_st=al

ติดต่อ 095429****"
54,"🆘 ขอความช่วยเหลือเร่งด่วน น้ำจะขึ้นชั้น 2 แล้วครับ 🆘
เจ้าของบ้าน “เมย์”
อยู่ในบ้าน 4 คน แมว 3 ตัว
เบอโทรผู้ติดในบ้าน : 063847****
093867****
พิกัด: 190/4 ม.7 ต.ท่าช้าง อ.บางกล่ำ จ.สงขลา 90110 

โทรศัพท์ไม่มีสัญญาณ ติดต่อไม่ได้ 4 วันแล้วครับ

เบอร์ญาติ 095071****"
55,"🚨🚨ขอควาช่วยเหลือด่วนเลยค่ะ🚨🚨
        ต้องการเรือเข้าไปช่วยด่วนเลยค่ะ
ระดับน้ำเพิ่มสูงขึ้นมาก ขึ้นบ้านชั้น 2 ระดับน้ำถึงหัวเข่า  บ้าน 2หลัง ผู้ใหญ่ 6 เด็ก1คน
บ้านเลขที่30และ32  ซ.โรงอิฐ1 ถ.บางนา-บางแฟบ ต.ควนลัง อ.หาดใหญ่ 
โทร. 081-138****    082-729****"
56,ขอบคุณทุกๆท่านที่เราไม่ทิ้งกัน
57,"ขอความช่วยเหลือครับ ที่บ้านเลขที่ 45/33 ชอยประสานมิตรชอย 2 ท่าเคียน หมู่บ้านปาลมสปริงพรอมานาด ตำบล ควนลัง อำเภอหาดใหญ่ สงขลา (ติดสนามเด็กเล่นในหมู่บ้าน)
มีคนติดน้ำท่วมบ้านถึงชั้นสอง 8คน มีผู้สูงอายุ และมีผู้ป่วยติดเตียงอายุ 80 ปี และมีเด็ก 2 คน (อายุ 2 ขวบ และ 1 ขวบ) ตอนนี้กำลังขาดอาหารและน้ำดื่มครับ
เบอร์ โทรศัพท์ติดต่อ 089733****, 097-186-**** 
พิกัด
https://goo.gl/maps/E5XvSAoBJSihHpfZ8"
58,⚠️⚠️⚠️⚠️รัถการ ซอย 9 ทั้งซอยต้องการความช่วยเหลือ อพยพค่ะ ตอนนี้ ยังไม่มีหน่วยงานเข้าไปค่ะ ปริมาณน้ำเพิ่มขึ้นจากเมื่อวาน รบกวนช่วยเป็รกระบอกเสียงให้หน่อยนะคะ น้ำขึ้นเยอะมากๆ ขาดการติดต่อ 🆘🆘🆘
59,"🆘ขอความช่วยเหลือด่วนค่ะ มีผู้ป่วยติดเตียง ออกจากบ้านไม่ได้ พิกัดซอย 4 คลองเตย(สุดซอย) 
บ้านชั้นเดียวติดอยู่ในบ้าน 6 คน รวมผู้ป่วยติดเตียง ตอนนี้แบตโทรศัพท์เหลือน้อยแล้วค่ะ 
พิกัด : https://maps.app.goo.gl/JLTkFD6Nmq7YFsi56?g_st=ipc 
โทร : 080-709**** , 082-459**** 🙏"
60,ขอความช่วยเหลือ 🚨ครอบครัว 3คน เด็ก1 ผู้ใหญ่2 19 30\2 ถนนราษอุทิศ ต.หาดใหญ่ อ.หาดใหญ่ จ.สงขลา
61,"ขอความช่วยเหลือ #ต้องการอพยพอย่างเร่งด่วน#
71/419 ซ.14 คลองลาน 
ชุมชนคลองลานสะพานดำ ต.คลองแห อ.หาดใหญ่ จ.สงขลา 
096195**** แตง 
*ตอนนี้น้ำกำลังจะขึ้นชั้น2 ติดอยู่ในบ้าน 3คืน 4วัน ไม่มีอาหาร ขอความช่วยเหลือด้วยค่ะ
 *คนในชุมชนหลายหลังยังติดอยู่ในบ้าน
**หากติดต่อไม่ได้แบตกำลังจะหมด ตรงระเบียงจะมีหมอนสีแดงแขวนอยู#"
62,"ช่วยหน่อยค่ะทุกคน ไม่รู้จะต้องติดต่อใครแล้ว  ติดต่อไปหลายหน่วยงานมาก ยังไม่ได้รับความช่วยเหลือค่ะ   ฝนตกหนักด้วยไม่มีอุปกรณ์กันฝน
แม่น้องไม่ไหวแล้ว ฝากแชร์หน่อยนะ😭😭😭😭  ฝากแชร์ต่อเผื่อให้น้องได้รับความช่วยเหลือเร็วที่สุดค่ะ🙏🙏🙏
❗🚨 มีเด็ก 5 เดือน และ 2 ขวบ และผู้ใหญ่อีก 10 กว่าคน ต้องการอพยพด่วน บ้านเลขที่ 128
ถนนศรีภูวนารถใน ตำบล หาดใหญ่ อำเภอหาดใหญ่ สงขลา เขต 3หมูกะทะหลังเรือนเพชร
ติดน้ำท่วมบริเวณ สามแยกไฟแดงเรือนเพชร ระหว่างสี่แยกท่าเคียน (ร้านข้าวยำใต้ต้นขาม) 
เบอร์ติดต่อ 082889**** , 064717****, 081766****
**** ตอนนี้แบตโทรศัพท์เหลือไม่มากแล้วค่ะ**"
63,"สถานการณ์ตอนนี้ ถ.เพรชเกษม ซ.10/5  อ.หาดใหญ่ ต.หาดใหญ่ ระดับน้ำสูง 4 ม. ขึ้นถึงหลังคากันสาดแล้ว  ชั้น 1 จมเป็นที่เรียบร้อยแล้ว ฝนยังตกไม่หยุด 

รวมถึงคนในซอย 10/5 ทุกหลังคาเรือนยังรอคอยการช่วยเหลือทุกหลัง 

 https://maps.app.goo.gl/xbesu4q7wAs2r7gj7?g_st=ic

เบอร์ลูกชาย 084 253 ****  ( ผู้แจ้ง )
เบอร์ลูกสาว  062162****   ( ผู้แจ้ง )
เบอร์ลูกสาว  086 964 **** ( ผู้แจ้ง )"
64,รบกวนขอความช่วยเหลือด่วนค่ะ คุณย่าอายุ 93 ปี ป่วยและมีโรคประจำตัว ติดอยู่ในซอยเพชรเกษม 34 หาดใหญ่ใน บ้านเป็นตึกแถวชั้นครึ่ง กับลูกสาวอีก 2 คน ขาดการติดต่อมาตั้งแต่วันเสาร์ ช่วยด้วยนะคะ ติดต่อ 084750**** หลาน
65,"รบกวนช่วยเหลือด้วยนะคะ🙏🙏🥺

9 หมู่1 หมู่บ้านบุญฉัตร ต.ควนลัง

ผู้หญิง 3 คน เป็นผู้สูงอายุ 1 คนมีโรคประจำตัว แมว 2 ตัว  

ล่าสุดที่ติดต่อได้ วันที่ 23 พ.ยที่ผ่านมา น้ำท่วมชั้น 1 ของบ้านแล้วค่ะ🙏🙏🙏

ต้องการอาหาร น้ำและอพยพค่ะPanda Aunchadalux"
66,"🆘 ต้องการอพยพด่วนค่ะ🆘⚠️🚨
น้ำขึ้นชั้น2แล้ว‼️
ผู้สูงอายุ7คน และเด็ก ค่ะ #มีเด็ก5เดือน ตอนนี้ไม่สบายหนักมาก ‼️
📍ซอยตรงข้ามรร.วัดคลองแห
บ้านเลขที่ 58/55 บ้าน2ชั้นหน้าร้านชายสี่ 
ถ.รามอุทิศ ม. 5 ต. คลองแห อ.หาดใหญ่ จ. สงขลา
(ที่ผ่านมาไม่มีหน่อยงานไหนเข้าสำรวจหรือมีการช่วยเหลือเลยค่ะ)😭
081798****"
67,ตอนนี้ปัญหาคือสัญญาณไม่น่าจะมีและแบตโทรศัพท์หมดนะคะอาจต้องหาเรือยางเข้าไปขับดูตามบ้านเลย
68,ฝากเคสนี้ทีนะคะ พอดีมีผู้สูงอายุ ติดเตียง ตอนนี้น้ำจะขึ้นชั้น2แล้วค่ะ ขอบคุณค่ะ🙏
69,"25/11
ขอความช่วยเหลือด่วนค่ะ
ชื่อ หนุ่ม (089654****) ติดอยู่ในบ้าน กับผู้สูงอายุ ที่บ้านเลขที่ 85 ซอยเทศาพัฒนา สุดซอย
ซึ่งผู้สูงอายุกำลังป่วย รบกวนติดต่อ+ขอความช่วยเหลือเพื่ออพยพค่ะ น้ำท่วมชั้น2 แล้ว
แถวนั้นยังไม่มีเจ้าหน้าที่เข้าเลย ติดอยู่หลายบ้านเลยค่ะ

หากติดต่อใครไม่ได้ติดต่อ นัด (082799****)
ที่อยู่: 85 ถนน เทศาพัฒนา ซอย 5 ตำบล ควนลัง อำเภอหาดใหญ่ สงขลา 90110
https://maps.app.goo.gl/ocQmoUpwqncGpGup8"
70,"#ขอความช่วยเหลือด่วน 
น้ำท่วมสูงถึงชั้น2รบกวนหน่วยงานที่เกี่ยวข้องหรืออาสาที่สามารถช่วยเหลือได้เข้ามาช่วยเหลือหน่อยค่ะ
 ภายในบ้านมีเด็ก1 คนผู้ใหญ่ 2 คน ตอนนี้ต้องการอพยพด่วน
พิกัด  204/4 พลพิชัยซอย6 ถ.พลพิชัย ต.หาดใหญ่  อ.หาดใหญ่  (ร้านกาแฟ Audey)
เบอร์ 084-067-****

ญาติติดต่อไม่ได้ตั้งแต่14:00 ของเมื่อวาน (24/11/68)"
71,"📌📌ขอความช่วยเหลือ📌📌
ชุมชนจันทร์วิโรจน์ ตอนนี้แย่แล้วค่ะ ติดต่อคนข้างนอกไม่ได้แล้ว
บ้านเลขที่164 ซอย4จันทร์วิโรจน์ ต.หาดใหญ่ อ.หาดใหญ่ จังหวัดสงขลา 
  ตอนนี้น้ำขึ้นชั้น2แล้วทุกคนกำลังจะจม มีคนติดในซอยรอความช่วยเหลือจำนวนมาก โซนจันทร์วิโรจน์-พลพิชัยยังไม่มีใครเข้าไปช่วยจนถึงตอนนี้ ตอนนี้ไม่สามารถติดต่อกับคนข้างนอกได้แล้วว"
72,"สวัสดีค่ะ ขอความช่วยเหลือให้น้องสาวค่ะ🙏
ต้องการ #อาหารและเครื่องดื่ม ให้กับน้องๆและคนที่อยู่หอพักแถวญ.ว.ค่ะ 🥣 

📍พิกัด หอพักหญิง อภิญญากาน 54/96 ถนนนิพัทธ์สงเคราะห์ 3 (ข้างๆ ญ.ว. หลังอเมซอน)

เบอร์โทร : 098-028-**** (น้องสาวที่อยู่ในตึก)
เบอร์ผู้แจ้ง : 083-190-****

วันนี้ติดต่อน้องสาวไม่ได้แล้ว น่าจะไม่มีสัญญาณค่ะ 🥹"
73,ขอเสนอนโยบายหาเสียงให้พรรคประชาชนเสนอการสร้างศูนย์อพยพฉุกเฉินยามประสบภัยให้กระจายทั่วทั้งพื้นที่เสี่ยงครับ เห็นข่าวทางใต้น้ำท่วมหนักทุกปี หรือทางเหนือก็น่าจะใช้แผนเดียวกันได้ ในยามจำเป็นฉุกเฉินประชาชนจะได้รู้ทันที่ว่าควรจะอพยพไปที่ไหนไม่ใช่งงและตกใจจนทำอะไรไม่ถูก ทุกๆศูนย์ควรจะมีลานรับเฮลิคอปเตอร์หรือพาหนะขนส่งโดรนเพื่อส่งความช่วยเหลือเฉพาะหน้าด้วย...ในยามปรกติก็ใช้เป็นลานกิจกรรมสาธารณะหรือเปิดให้เอกชนเช่าเพื่อการแข่งขันหรือการแสดงเอารายได้มาซ่อมบำรุง เพื่อไม่ให้เกิดการทิ้งร้างไม่มีคนดูแล....ในเมื่อการแก้ไขโครงสร้างคันกั้นน้ำหรือระบายน้ำทั้งระบบใช้งบมากอุปสรรคเยอะก็ทำศูนย์อพยพแก้ไขเฉพาะหน้าไปก่อน
74,"ขอความช่วยเหลือค่ะ 🙏🙏🙏
ขอเสบียง ต้องการอาหารและน้ำ
49 ถนนเสน่หานุสรณ์ ตำบลหาดใหญ่ อำเภอหาดใหญ่ จังหวัดสงขลา 90110 (ตรงข้ามโรงแรมสากล)

บ้าน ผู้ใหญ่ 1 เด็ก 1 ผู้สูงอายุ 2 คน ช่วยเหลือเองได้ระดับนึง
ตอนนี้เสบียงหมด น้ำท่วมถึงชั้น 2
ขอรบกวนช่วยเหลือด่วนด้วยค่ะ

โทร  087-631-**** เบอร์ผู้ประสบภัย (อมรรัตน์)
โทร 083- 421-**** เบอร์ผู้ประสานงาน (แหวน)

https://maps.app.goo.gl/yJrk5Vt8HCLAcYVx9?g_st=ipc"
75,แล้ว ยังงัยต่อ
76,"#ขอความช่วยเหลือหน่อยค่ะ
#ต้องการอพยพ 
#หรือขอเสบียงสำหรับประทังชีพ
น้ำใกล้จะถึงชั้นสองแล้ว อาหารที่ตุนเริ่มจะหมดลงแล้ว มีผู้สูงอายุวัย 60  3 คน  ผช 2 คน ผญ 1 คน แมว 1 ตัวค่ะ
33 ซอยนิ่มหนูอุทิศ ถนนอนุสรณ์อาจารย์ทอง ต.หาดใหญ่ อ.หาดใหญ่ จ. สงขลา
พิกัดบ้าน 7.03134279920082, 100.47797174109006 
https://maps.app.goo.gl/RKuJLve9QkFiUQev5
โทร 089-654-****, 089-924-****

รบกวนด้วยค่ะ"
77,"🔔ขอความช่วยเหลือด่วนค่ะ 🔔
มีคนแก่อายุ86ปี มีโรคประจำตัว ติดอยู่บ้านชั้น2 (บ้านมีแค่2ชั้น)
บ้านเลขที่ 65/14 ซ.16 ราษฎ์อุทิศ ต้องการเจ้าหน้าที่เข้าช่วยเหลืออพยพด่วนเลยค่ะ 
เบอร์โทร: 085473**** (กิต-ผู้ประสบภัย)
❗️พิกัด https://maps.app.goo.gl/XAuUes9A5LCQ5onB9"
78,"🚩🚩ต้องการความช่วยเหลือด่วน🚩🚩
น้ำถึงชั้น 2 แล้ว ในบ้านมีผู้สูงอายุ 2 คน ตอนนี้ติดต่อไม่ได้
อาหารไม่มีแล้ว พิกัด บ้านเลขที่ 75 ซอย 1/1 ราษฎร์ยินดี อยู่ในซอยตัน
ติดต่อ 081-929**** หรือ 087-295****
หรือติดต่อ 086-410**** (อิง ลูกสาว ผู้แจ้งแทน)

พิกัดบ้าน
7°00'47.0""N 100°28'58.8""E
https://maps.app.goo.gl/oZ5m67Mza9nKmV3M8"
79,"🚨ขอความช่วยเหลืออพยพ ด่วนนนน🚨

น้องสาวและอีกหลายคน ติดอยู่ที่หอพัก 
#ซีเอ็มแมนชั่น1  ซ.1 ถ.สันติราราษฎร์ #หลังโรงเรียนพลวิทยา  

#ตอนนี้ต้องการอพยพและอาหาร น้องยังไม่ได้กินข้าว 4 วันแล้ว ขนมและน้ำกำลังหมด ทุกคนหิวมาก 🥹
ตอนนี้น้ำท่วมขึ้นชั้น2 แล้ว น้ำสูงมาก ติดต่อไม่ได้แล้ว บริเวณตรงนั่นมีหลายคน ในหอพักติดอยู่ประมาณ 20 กว่าคนค่ะ

#รบกวนหน่วยงานเข้าช่วยเหลือหน่อยนะคะ 🆘"
80,อยากให้ ส ส พื้นที่ ประชาสัมพันธ์ ให้ผู้ต้องการความช่วยเหลือ โดยเร็วเลยครับ ระบบคือระบบ แต่ตัวคนที่จะเข้าไปช่วยเอาคนออกมาลำบาก สิ่งที่ทำดีแล้ว ที่สำคัญ ใครจะเอาไปทำต่อให้เกิด ปย. สูงสุด ครับ ฝากช่วยพี่น้อง สงขลา หาดใหญ่ และ อีก หลายๆ จังหวัด ครับ
81,พรรคนี้เปิ้นทันสมัย..ใช้AI.ให้เกิดประโยชน์
82,สวัสดี​ค่ะ​ เยี่ยม​มาก​ค่ะ​
83,"🆘 ช่วยด้วยครับ ติดอยู่ในบ้าน🚨
251 ซ.ประชาสันติ ถ.นวลแก้ว ใกล้คลอง ร5 (ปากซอยเป็นร้าน ครัวภาวนา)
📍มีคนแก่ 2 (อายุ 90 และ 80)
📍เด็ก 1 ผู้ใหญ่ 2
📍081898**** ผู้แจ้ง
🙏🏻ขอบคุณมากครับ"
84,"🆘🆘 ต้องการอพยพด่วน 🆘🆘

❌ยังไม่ได้รับการช่วยเหลือ 
❌ขาดการติดต่อนาน 17 ชม แล้ว

บ้านเลขที่ 72 ซอยเพชรเกษม 27 (จาก ถ.เพชรเกษม เข้าซอยไป 200 เมตร บ้านขวามือ สีส้ม)

ติดอยู่ชั้น 2 จำนวน 3 คน มีผู้สูงอายุ 
ตอนนี้น้ำท่วมถึงชั้น 2 แล้ว 

089728**** (นุก ญาติอยู่ กทม)"
85,"นักศึกษา และเพื่อน 7-8คน 🚨ขอความช่วยเหลือ
092-353-****
092-510-****
099-408-****  
‼️พิกัด บ้านเช่า สีชมพู  ซอยหลัง เซเว่น 39 ถนน พลพิชัย ซอยวัดปลักกริม ต.คอหง อ.หาดใหญ่ จะ.สงขลา

ขอความช่วยเหลือ ติด 2-3วันเเล้ว สัญญาณมือถือโดนตัด ไม่มีอาหารและะน้ำดื่ม แบตตมือถือหมดเเล้ว"
86,"#ขอความช่วยเหลือด่วนค่ะ
40/17 ถ.รัถการ ต.หาดใหญ่ อ.หาดใหญ่ จ.สงขลา 90110 รัถการคอมเพล็กซ์ และที่สะพานดำ
ติดอยู่ในบ้านชั้น3 น้ำท่วมขึ้นถึงชั้นสอง ตอนนี้คนติดอยู่ในบ้าน2คน  ไม่สามารถติดต่อใครได้เลยค่ะ
ที่สะพานดำจอดรถ มีน้องผู้ชายติดอยู่1คน อยู่คนเดียวค่ะ
ต้องการอพยพด่วนค่ะ ไม่มีอาหารสเบียงอะไรเลยค่ะ
เบอร์ติดต่อคนแจ้ง 061240**** (ญาติ)
เบอร์ผู้ประสบภัย 092646**** (ผู้ประสบภัย)
ขอความช่วยเหลือด่วนๆค่ะ อีกหลายครัวเรือนที่ติดอยู่ ไม่มีใครเข้าช่วยเหลือเลยค่ะตอนนี้"
87,"📍📍ขอความช่วยเหลือค่ะ📍📍

ตอนนี้น้ำกำลังขึ้น จะถึงชั้น 2 แล้วค่ะ
ต้องการอพยพครับ

📍บ้านในซอยตรงข้ามโรงแรมต้นอ้อย อยู่แถวคลอง ร.5 บ้านเลขที่ 7 ซอย 23 คลอยเตย ต.คอหงส์ อ.หาดใหญ่ จ.สงขลา (ซอยเดียวกับร้านครูจวง) 

มีผู้สูงอายุ ชาย 1 หญิง 1 และสุนัข 1

ทุกบ้านต้องการอพยพค่ะ 
https://maps.app.goo.gl/3U9jz9dfqDw8hJCb7?g_st=al
062851****
#คลองร5
#หาดใหญ่ 
#สงขลา"
88,"🆘🆘มีคนติดอยู่บนหลังคารวมกันประมาณ15คน
พิกัด ชุมชนสัจกุล บ้านเลขที่ 73/309 ถนนรัถการ ซอย 7/2 ม.1 ต.คลองแห ใต้สะพานสัจจกุล ชุมชนทางรถไฟเก่า  080136**** 🆘🆘"
89,"SOS   ขอความช่วยเหลือค่ะ😭😭😭😭บ้านเป็นซอยตัน มองเห็นยากมาก. 
เขต 8 ซอย 7 ถนนราษฎร์อุทิศ บ้านเลขที่ 59-60 หลังโรงแรมวีเวิลด์ มีคนติดอยู่ในบ้าน ชั้นลอย ผู้ป่วยติดเตียง 1 คนชรา 3 เด็ก 1 และอีก 4 คน  ติดยุ5 วันแล้ว  โทร 095438****.   095959**** 
098090****,,,084098**** รบกวนช่วยด้วยนะค่ะ แบตหมด อาหารหมดแล้วคะ"
90,"🆘ขอความช่วยเหลือด่วนมากค่ะ🆘
เพื่อนของหนูติดอยู่บนหลังคาบ้านตั้งแต่เมื่อคืน และไม่สามารถติดต่อเพื่อนได้แล้ว มีคนอยู่3คนตอนนี้น้ำขึ้นเกินชั้น 2 แล้ว ติดอยู่บนหลังคา
ที่อยู่:บ้านเลขที่ 34 ซอยหมู่บ้านจันทร์เกษม ต.คอหงส์ อ.หาดใหญ่ จ.สงขลา 90110

081957**** ช่างแก้ว(พ่อของเพื่อน แบตใกล้จะหมดแล้ว)
ต้องการอพยพด่วนค่ะ
รบกวนขอความช่วยเหลือ ด่วนที่สุด ค่ะ‼️"
91,"📌ขอความช่วยเหลือด่วน!!!😭😭😭 ตั้งแต่เมื่อวานจนตอนนี้น้ำขึ้นเต็มชั้น2 
มีคนติดในบ้าน 4 คนค่ะ
♥️มีคนแก่ 1 ป่วยโรคหัวใจ 
บ้านเลขที่ 50/5 ถ.นิพัทธ์สงเคราะห์ 1ซ.2/2 ต.หาดใหญ่ อ.หาดใหญ่ จ.สงขลา 
📍พิกัด หลังเทศบาลนครหาดใหญ่ใกล้ร้านก๋วยเตี๋ยวต้นม่วง
โทร:062829****
รบกวนช่วยการแชร์ให้หน่อยนะคะ🙏"
92,ยอดเยี่ยมมากครับ ไม่เอาแบบยืนโชว์ ผัดข้าว แจกของ แล้วกลับนอนเรินนะครับ
93,ตอนนี้ระบบเป็นแบบนี้ค่ะ คนใช้เยอะหรืออย่างไรลองตรวจสอบนะคะ
94,"🚩รบกวนขอความช่วยเหลือด้วยค่ะ ต้องการอพยพ น้ำขึ้นถึงชั้นสองแล้วค่ะ

📍พิกัด บ้านเลขที่ 18 ถ.โชคสมาน5 ซ.19 ต.หาดใหญ่ อ.หาดใหญ่ จังหวัดสงขลา
https://maps.app.goo.gl/Fexuzb8ba25QkZeHA?g_st=il

📍พิกัด บ้านเลขที่ 27 ถ.โชคสมาน5 ซ.14 ต.หาดใหญ่ อ.ห่ดใหญ่ จ.สงขลา (มีผู้สูงอายุติดอยู่ในบ้าน 3 คน มีโรคประจำตัว) https://maps.app.goo.gl/U7PBf81nLmHXibSE9?g_st=ipc

ในพื้นที่มีคนติดอยู่เป็นจำนวนมาก ตอนนี้ยังไม่มีเจ้าหน้าที่เข้าไปเลยค่ะ 🙏

ผู้แจ้ง 087-632**** มุก 
ผู้ขอรับความช่วยเหลือ 086-956****
087-395****

ขอบคุณค่ะ 🙏"
95,"🆘🆘ขอความช่วยเหลือต้องการจะอพยพด่วนค่ะ  🆘🆘

มีผู้สูงอายุ 2 คน เด็กเล็ก 1 คน ผู้ใหญ่ 3 คน 

📍บ้านเลขที่ 5 ซ.จันทสุวรรณ ต.ควนลังอ.หาดใหญ่ จ.สงขลา  

น้ำท่วมถึงพื้นชั้น 2 แล้วค่ะ น้ำกับอาหารใกล้หมด ไม่มีน้ำมีไฟใช้ติดอยู่ 3 วันแล้วค่ะ
ยังไม่มีหน่วยงานไหนเข้าถึง

เบอร์ติดต่อ อาย - 081963****

https://maps.app.goo.gl/4paoxgF4Bit3CoAKA?g_st=ipc"
96,"‼️ขอความช่วยเหลือด่วนค่ะ‼️

1. ต้องการอพยพออกจากบ้าน
2. เด็ก 3  ผู้ใหญ่ 8
3. น้ำมิดบ้านชั้น 1 แล้ว (หน้าบ้านท่วมมิดหัว)
4. ที่อยู่ : หลัง สายัณฟาร์มปลา 
ตรงป่ากัน คลองเเห 68/76 ม.5 ถ.ประชาชื่นใจ 
5. ชื่อผู้แจ้ง : จอย (082-642****)
6. **พิกัด (google map)**

ติดต่อ… 
082-642**** จอย
086-478**** จูเนียร์ 
06-4464-**** เเจง
063-915**** เจนนี่"
97,"#น้ำท่วมหาดใหญ่ บ้านเลขที่ 116 และ 122 (ติดกัน) 
ซ.22 โชคสมาน5

โลเคชั่นบ้าน: https://maps.app.goo.gl/q5TdHNmY8nsGwMTv9?g_st=ipc 

🚨 ทั้งหมด 10คน เด็ก3 ผู้ใหญ่7

ตอนนี้ไม่แน่ใจว่าปีนไปตึกหลังบ้านแล้วยัง เพราะติดต่อใครไม่ได้เลยเข้าวันที่ 2 แล้ว เพื่อนๆที่ติดต่อได้ ก็ไม่มีใครสามารถเข้าถึงระแวกนั้นได้เลย

📍ตึกกระจกติดกับหลังบ้านเลยค่ะ เป็นตึกสำนักงานกรุงเทพประกันชีวิต ถ.สัจกุล หากมาจาก รพ.ศิครินทร์ หรือสนามกีฬากลาง ลงสะพานมาตึกจะอยู่ตรงตีนสะพานสัจกุลค่ะ และหลังตึกจะเป็นบ้านแม่ค่ะ

โลเคชั่นตึก: https://maps.app.goo.gl/2dkiV7pCd97FVbNy9?g_st=il

สมาชิก10 คน มีชื่อ กาน โกไข่ เอฟ เมย์ เซน แซน มิลิน เครือ พิช จะจ๋า ค่ะ 

🚨เบอร์ติดต่อ
แม่ 094-464-****
จ๋า 091-895-**** (หลาน)
โกไข่ 081-978-****
เอฟ 095-464-**** (พี่ชาย)"
98,"🆘❗ ขอความช่วยเหลือเร่งด่วนค่ะ
⛔️ต้องการ: อพยพออกจากพื้นที่
- โซนที่อยู่ หมู่บ้านรติวิลล่า
- คนในบ้าน: ผู้หญิง 2 คน ผู้ชาย 2 คน ล่าสุดที่ติดต่อวันนี้ เวลา19.45น. 
☎️ เบอร์โทร : 
098670**** (เบอร์แม่)
093-575-**** (ลูกสาว)
089877**** (เบอร์พ่อ)

📍ที่อยู่: บ้านเลขที่ 9 หมู่ 1 หมู่บ้านรติวิลล่า ต.คอหงส์ อ.หาดใหญ่ จ.สงขลา
https://maps.app.goo.gl/Ve1eJBoc1em4KABT9?g_st=ipc

🚨ในหมู่บ้านมีคนติดอยู่ในบ้านเยอะ"
99,โซนนี้เค๊าขอความช่วยเหลือช่วยเข้าไปดูให้หน่อย
100,"รบกวนขอความช่วยเหลือหน่อยค่ะ🙏🙏
ซุปเปอร์ซูมแมนชั่น เลียบริมคลองร.1 หาดใหญ่ มีคนติดอยู่ด้านในประมาณ 14 คนค่ะ ติดต่อ คุณทาม 098018****"
101,ตอนนี้แต่ละจังหวัด ควรสำรวจบ้านตัวเอง เพื่อไม่ให้เกิดปัญหาเรื่องการระบายน้ำถ้าเกิดเหตุแบบนี้ค่ะ
102,"🚨 ขอช่วยเหลืออพยพน้องชายได้ไหมคะ ถ้าหากไม่ได้ขออาหารมาส่งที่ศิลาอพาร์ทเม้นท์ โชคสมานคุณ ก็ได้ค่ะ ตอนนี้50 คนติดอยู่ในอาคาร อดข้าวอดน้ำมา4วันแล้วค่ะ 🚨

ตั้งแต่น้ำเริ่มท่วมยังไม่มีหน่วยงานที่สามารถเข้าไปได้เลยค่ะ ด้วยเพราะกระแสน้ำที่แรงเป็นจุดที่เข้าถึงยากที่สุด เข้าใจที่สุดเลยค่ะ  ตอนนี้น้องขึ้นที่สูงได้ตึกประมาณ 4 ชั้นยังพอหนีน้ำได้ แต่อาหารและน้ำที่หมดไปหลายวัน ตอนนี้ได้เพียงแต่รองน้ำฝนกิน ร่างกายเริ่มอ่อนเพลียกันแล้ว ขอความช่วยเหลือด้านอาหารด้วยค่ะ 😭

ทุกอย่าง ค่อยๆเป็น ค่อยๆไป นะกัส ขอให้อดทนไว้

📍ศิลา อพาร์ทเม้นท์ #โชคสมานคุณ"
103,ขอบคุณพรรคประชาชนที่ทำงานอย่างมีระบบ
104,"ขอความช่วยเหลือค่ะ
เส้นหน้าควน-บ้านพรุ
หมู่บ้านฟ้าใส 2(ก่อนถึงหมู่บ้านอีซีโอ)
บ้านหลังแรกขวามือ
ต้องการอพยพออกด่วนจำนวน 20กว่าคน
น้ำขึ้นสูงมากตอนนี้น้ำถึงชั้น 2 บนสุดตอนนี้อยู่ไม่ได้แล้วไม่ได้รับการช่วยเหลือมา 4 วันแล้ว081541****,087290****
ขอบคุณค่ะ"
105,"‼️‼️🚨🚨ขอความช่วยเหลือค่ะ‼️‼️🚨🚨

บ้านเลขที่ 216 ซอย14 รัตนอุทิศ บ้านตรงข้ามยิม ไม่รู้เปนไงบ้าง  ติดต่อญาติในพื้นที่ไม่ได้ มีผู้ป่วยต้องฟอกไตด้วยค่ะ

https://maps.app.goo.gl/8gNf7AFa5xxCAbC57?g_st=ipc

บ้านเลขที่ 207 ซอย.กัลยาเทพ ตำบลหาดใหญ่ มี8คนรอความช่วยเหลือ มีเด็กเลกด้วย

https://maps.app.goo.gl/Ga1pJp8m2W7JftnL8?g_st=ipc"
106,ขอความช่วยเหลือด่วนๆ ด้วยครับ
107,ขออัพเดทรายชื่อออนไลน์ในศูนย์อพยพ หน่อยได้ค่ะติดต่อญาติไม่ได้ พ่อแม่เป็นห่วงมากๆ ช่วยด้วยค่ะ
108,"ขอความช่วยเหลือด่วน‼️‼️📌
ซอยถนนจันทน์ประทีป ไม่ได้รับการช่วยเหลือไม่มีอาหารมา 4 วัน 

ขอความช่วยเหลือ‼️‼️ บ้านเลขที่ 108 ถนนจันทร์ประทีป เส้นจันทร์วิโรจติดคลอง. 
มีคุณพ่ออยู่กับคุณแม่ 

***📌คุณแม่ที่พึ่งผ่าตัดหัวใจมา. 
***📌ติดต่อไม่ได้เลยค่ะน้ำจะถึงชั้นสองแล้ว

รบกวนหน่วยงานที่เกี่ยวข้องเข้าช่วยเหลือและรับออกมาหน่อยนะคะ 
ติดต่อ081294**** , 09 3759 **** 
แต่โทรไม่ไม่ติดเลยค่ะ ‼️‼️‼️‼️
#น้ำท่วมหาดใหญ่"
109,ขอให้ปลอดภัยทุกคนค่ะ
110,"น้ำขึ้นชั้นสองแล้วคับ

เส้นนวลแก้ว หลังตลาดสมอลล์ 

❗️บ้านเลขที่ 52 ซ.1วุฒิธานี (ถนนเส้นหลังตลาดสมอลล์ คลอง ร.5 | ซอยข้างสนามฟุตบอลแบล็กบ๊อกซ์ ) อ.หาดใหญ่

ชื่อ: โบ๊ต 098224****

คนในบ้าน: ผู้ใหญ่ 2 เด็ก2 (12)/(10)
ระดับน้ำ: ท่วมถึงชั้น2แล้ว
จุดสังเกตุ : ซอยข้างสนามฟุตบอลblackbox เข้าซอย1 ตรงมาประมาณ80เมตรสุดซอย  เจอฝนังบ้านสีเทาเลี้ยวขวา หลังแรกเป็นซอยตัน 
⛔️ต้องการ: นำผู้ประสบภัยออกมาครับ
ติดต่อ: 098224**** (ผู้แจ้ง)(โบ๊ต)

หน้าบ้าน มีไฟถนนสองดวง ตามรูป

พิกัด พิกัด
https://maps.app.goo.gl/HTMAiEHe9Vi7T2ig6?g_st=ipc"
111,ช่วยเคสนี้ด้วยจ้า
112,"📌📌ขอความช่วยเหลือด่วนค่ะ 📌📌
🆘ต้องการอพยพด่วน🆘
ติดอยู่ที่บ้านจำนวน 2 คน กับน้องหมา 2ตัว ตอนนี้น้ำข้างนอกระดับหน้าอก ไม่มีที่สูงให้ขึ้นไปอยู่ได้แล้ว ตอนนี้อยู่บนกรงน้องหมา
📍ติดต่อ : 
คิม 095027**** 
ซิม 087399****
📍191/19 ม.1 ซอย ช.วัสดุก่อสร้าง ต.ทุ่งลาน อ.คลองหอยโข่ง จ.สงขลา 90230

https://maps.app.goo.gl/dp6gP4ZhS2BNyZY78?g_st=ipc"
113,"ฝากด้วยครับ เพื่อนติดอยู่ รบกวนขอความช่วยเหลือชื่อหนู
หน่อย
1.https://maps.app.goo.gl
/vZD1Ud4YTaw5FWtx8?g_st=ipc
2. ชื่อหนู /แป๊ะแหว่ง
3.เป็นเคสผู้ใหญ่ 2คน เป็นหญิง1ชายวัยชรา 1 มีโรคประจำตัว
4.ระดับน้ำมิดชั้น 1 กำลังขึ้นชั้น2
5. ที่อยู่ 115/6 ถ.ผดุงภักดี ตรงข้ามโรงแรมสิงห์โกลเด้นเพส ต.หาดใหญ่
อ.หาดใหญ่ จ
ส่งขลา
6. จุดสังเกต:ตรงข้ามโรงแรมสิงห์
น
โกลเด้นเพส
7.ต้องการอพยพด่วน เพราะน้ำสูง
ขึ้นเรื่อย
8.ไม่มีน้ำ อาหาร มา4วันแล้ว
9.เบอร์เพื่อนผู้แจ้ง : 099426****
*เพิ่มเติม และในโรงแรมสิงห์
โกลเด้นเพส มีคนติดอยู่เป็นจำนวน
มาก ขาดน้ำ ขาดอาหาร ประมาณ"
114,ช่วยด้วยค่ะ.ขอความช่วยเหลืออพยพค่ะถนนศรีภูวานาถสีแยกไทอาคารซอยหลังร้านขายล้อยางบริสโตนบ้านสองชั้นกำลังท่วมชั้นสองผู้ใหญ่กับเด็กสองคนขอความช่วยเหลือก้วยค่ะกำลังแย่สัญญาลักษณ์ผ้าสีแดงผูกหน้าบ้านชั้นสองแล้ว062516****ขอบคุณมากๆๆค่ะ(34 ถ.ศรีภูวนารถ อยู่หลังร้านสหยางไทย ใกล้ ๆ ดับเพลิง  แยกไทยอาคาร)
115,"🆘 ขอความช่วยเหลือให้
“ น้องสะใภ้ ”
🙏🙏🙏

ผู้ประสบภัย 
สวย หลักเมือง 
เบอร์โทร 081372****  46/10 ซอย 7/1 ราษฏร์อุทิศ  หาดใหญ่   
“ อพยพ 3 คน  ”

ขอความช่วยเหลือ
1. อพยพด้วยเรือ
2. ขาดแคลนอาหาร 
3. อพยพ 3 คน 
ผู้ใหญ่ 2 คน
เด็ก 1 คน ( อายุ 14 ปี )

พิกัด GPS 
https://maps.app.goo.gl/W283bYnK3qkWFYJq6"
116,"🚨ขอความช่วยเหลืออพยพคนหน่อยครับ🚨

1) พิกัด : https://maps.app.goo.gl/uTKAmVe5cV3kU99U9?g_st=ipc
    ตรงข้ามบ้านเลขที่ 55-65 ซอยถนนสุทธิพัชระ ซอยตรงข้ามโรงแรมบีทู ( เขต 8 ) อำเภอหาดใหญ่
    มีผู้ใหญ่อายุ 50+ 1 คนกับผู้สูงอายุ 2 คน 🚨 ผู้สูงอายุต้องการยาความดันด้วยครับ 🚨
    นาย ไพโรจน์ ตันติวัฒนกุล 
    นางสาว รณิดา ตันติวัฒนกุล และผู้สูงอายุอีก 1 คน
    ไม่สามารถติดต่อได้เลย มา 2 วันแล้วครับ คาดว่าแบตอาจจะหมด

2) พิกัด : https://maps.app.goo.gl/kAmRfPcRVVZUPKTc6
    บ้านเลขที่ 95 ซอยราษฎร์อุทิศ 30/2 เกือบท้ายซอย ( เขต 8 ) อำเภอหาดใหญ่
    มีผู้ใหญ่อายุ 50+ 2 คนกับเด็กเล็กอีก 3 คน ครับ
    ติดต่อ : นาย นันธวัฒน์ ธนากูลฐานิส เบอร์โทร : 081-957 ****
              : นางสาว ปนัดดา ธนากูลฐานิส เบอร์โทร : 093-576 ****"
117,"🆘🆘🆘

🆘 ต้องการอพยพด่วนคะ
ครอบครัวน้องสาว 4 ชีวิต
ติดอยู่ชั้น 2 เมื่ิอ 24/11
คาดว่าน้ำน่าจะสูงขึ้น…ขาดการติดต่อ

15 ม.2 ซ.ไพศาลอุทิศ9 ต.ควนลัง อ.หาดใหญ่ สงขลา 90110

https://maps.app.goo.gl/7AetKppf3BVJzd2RA?g_st=afm"
118,"#SoS    #ขอความช่วยเหลือด่วนค่ะที่บ้านเลขที่10 #ถนนสันติราษฎร์ #หลังที่ว่าการอำเภอหาดใหญ่ #มีคุณยายวัย96 และเด็ก ๆน้ำสูงถึงชั้นสองแล้วค่ะ แถวนั้นคนติดอยู่เต็มเลยคะ  082-059**** 🙏
https://goo.gl/maps/cnihYx2mhg6LXhaq7?g_st=al"
119,"1.ระดมทุ่นลอยน้ำ สำหรับนำมาทำสะพานเดินลำเลียงคน ซ้าย3ก้อน ขวา3ก้อน เรียงยาวตามแนวถนน ผูกกับเสาไฟฟ้า
2.กำหนดจุดพื้นที่สูงสำหรับรับคนที่ขนย้ายออกมา และเป็นที่พักพิง
3.เรือและเจ็ตสกีช่วยกันลากทุ่นลอยน้ำเข้าไปทีละซอย จากจุดใกล้ที่พักพิงออกไปทีละซอย
4.ขนย้ายคนออกมา ให้หมด
5.ย้ายทุ่นลอยไปยังซอยอื่นๆ
6.ทำซ้ำกับจุดพักพิงอื่นๆ"
120,"🆘❗ ขอความช่วยเหลือเร่งด่วนค่ะ
⛔️ต้องการ: อพยพออกจากพื้นที่
- โซนที่อยู่หลังโรงเรียน ญว.
- คนในบ้าน: ผู้หญิง 1 คน เวลาล่าสุดที่ติดต่อมา 17.55น. วันที่ 24

☎️ เบอร์โทร : 087-632-****

📍ที่อยู่: 145/1 ถนนนิพัทธฺสงเคราะห์2 ซอย3 บ้านจะอยู่ใกล้นิพัทธฺสงเคราะห์4
https://maps.app.goo.gl/WR5xQ8xt1DdZwq2g6?g_st=ipc"
121,นักคิด นักแก้ไข นักพัฒนา ต้องพรรคส้มการเมืองสมัยใหม่
122,พี่สาวติดในอาคารพานิชย์3ชั้นไปไหนไม่ได้ การสื่อสารตัดขาดขาดแคลนอาหารซ.2วุฒืธานี ต.คิหงส์
123,เด็กเล็ก ป่วย ยังรอคนไปช่วย ค่ะ ต.ควนลัง ม.1 คลอง ร.1 โกดังเข้าไปลึก ออกมาไม่ได้ ขอยากับน้ำ ก่อนก็ได้ นมเด็กไม่มีแล้ว
124,ช่วยคนหาดใหญ่
125,"**ต้องการความช่วยเหลือด่วนค่ะ
รบกวนอพยพแม่และน้องสาวค่ะ 
น้ำขึ้นชั้น2แล้ว แม่และน้องสาวติดต่อไม่ได้  ชุมชนสะพานดำ 73/60 ซ.1 ต.คลองแห ม.1  น้ำขึ้นถึงชั้น2 ไม่ได้กินข้าวหลายวันค่ะ"
126,"ขอความช่วยเหลือด่วนค่ะ 🙏

🕹️ท่าเคียนซอย7 บ้านเลขที่15 หมู่ 1 ต.ควนลัง อ.หาดใหญ่ จ.สงขลา 

 มีเด็ก12ปี ผู้ใหญ่ 2คนค่ะ 🙏และทุกๆคนในซอย  น้ำขึ้นถึงชั้น 2 แล้วค่ะ ไม่มีที่นอนแล้ว 😢เป็นห่วงทุกคนมากค่ะตอนนี้มีผู้ใหญ่เพิ่มค่ะและมีเด็กอ่อนด้วยค่ะเป็นห่วงมากๆค่ะ ตอนนี้ไม่สามารถติดต่อใครได้แล้วค่ะ ขอความกรุณาหน่วยงานเข้าช่วยเหลือด้วยค่ะ 🆘ต้องการอพยพด่วนค่ะ ขอบคุณค่ะ🙏"
127,สุดยอด รอบนี้ ภาคใต้จะต้องเป็น #สีส้ม 🧡🧡🧡
128,ขอความช่วยเหลือค่ะ น้องสาวกับน้องเขย บ้านน้ำท่วมติดต่อไม่ได้ #พิกัดถ.ศุภสารรังสรรค์ แสงศรี ซ6 บ้านเลขที่217/34 ร้านพลอยนวล บิวตี้ค่ะ ช่วยเข้าไปดูให้หน่อยค่ะ เป็นห่วงน้องมากค่ะ
129,"ขอความช่วยเหลือครับ 🙏

ฐิติภัค คำศรี (จ๋า) 061987**** 
ช่วยติดต่อหน่วยงานให้หน่อยค่ะ แบตจะหมด คนในหอติดหลายคนออกไม่ได้ แค่ส่งข้าวมาก็ได้ประมาณ50กล่อง
หอพัก คอนเนอร์วิน คลองเตยข้างตลาด ร.5
https://www.google.com/maps/place/7%C2%B002'05.7%22N+100%C2%B030'05.9%22E/@7.0349274,100.4990578,17…
.
ผานิตย์ จำปากลาย **ติดต่อไม่ได้เลย ไม่มีโลเคชัน)
098048****
ช่วยด้วยค่ะ มีเด็ก2 คน ผูใหญ่ 5 คน
น้ำกำลังถึงเพดานค่ะ ชั้นเดียวตอนนี้อยู่หลังคา 
เลขที่ 124 ถนนศรีภูวนารถใน ซอย1 ต.หาดใหญ่ อ.หาดใหญ่ หลังเรือนเพชรหมูกะทะ  มีผ้าแดงผูกตรงหลังคาค่ะ 
098048****🙏🙏

ฟาตีฮะ ดาฮิง **ติดต่อไม่ได้เลย
082-863****
 

นริศรา ทรัพย์ทวีดี (เฟิร์น) 094-880-**** **ติดต่อไม่ได้เลย

นูรนดาร์ สาเมาะ (ณดา) 098-679-**** **ติดต่อไม่ได้เลย

สุนิตา มะเซ็ง (สุ) 063-737-**** **ติดต่อไม่ได้เลย

โสภิดา คุสิตา (เฟลม) 094535**** **ติดต่อไม่ได้เลย"
130,"❗️❗️ขอความช่วยเหลือ ❗️❗️
มีผู้ป่วย!! ต้องการฟอกไตด่วน!!!
.
พิกัด : บ้านเลขที 428 ถนนสัจจกุล อยู่ตรงแยกไฟแดงราษอุทิศ ตัดสัจจกุลเลยคะ ตึกสีเหลืองๆ (ร้านขายจานดาวเทียมติดถนนใหญ่)

 มี 3 คน+แมว ไม่มีอาหาร สองวันแล้วและมีคนป่วยต้องฟอกไต ไม่ได้ฟอกตั้งแต่วันเสาร์แล้ว 

081-897**** ลูกสาว
.
https://maps.app.goo.gl/vMjXUfhuHczwuWVE9?g_st=ipc"
131,ซอยสุขเจริญ ต้องการอาหาร เครื่องดื่ม มีคนจำนวน50+มีทั้งคนแก่ แหละเด็กครับ
132,ขอความช่วยเหลือค่ะ น้องชายติดอยู่ที่หอพัก กัณธณาอพาร์ทเม้นต์ เพชรเกษม ซอย 6 อยู่หลังบิ๊กซี เอ็กซ์ตร้า และน่าจะมีคนอื่นอีกติดอยู่ที่นั่นประมาณ 20-30 คน ไม่มีน้ำ ไม่มีฟ้าใช้ อาหารก็เหลือน้อยแล้วค่ะ 😢🙏🏼 เบอร์ 093-496****
133,ถนนประชาอุทิศ(คลองหวะ) ซอยทวีทรัพย์ ซอยอยู่ข้างคลอง ประมาณ ๒๐ ครัวเรือน ยังไม่มีใครเข้าไปช่วยเลยคะ ขอความช่วยเหลือด่วนคะ
134,"https://maps.app.goo.gl/4Pirz3GuHV1VBcCaA?g_st=ipc

📍ซอยไปดี มาดี (ทั้งซอย) ถนนอนุสรณ์อาจารย์ทอง อ.หาดใหญ่ จ.สงขลา
📞 085-893-****  (ไม่ค่อยมีสัญญาณ)
ยังพอแบตโทรศัพท์

‼️ต้องการอาหาร และอพยพ ‼️
❌เนื่องจากไม่มีหน่วยงานเข้าไปเลย❌"
135,"ช่วยด้วยนะคะ 🙏🙏
ช่วยญาติฉันด้วยน้องชายฉันตามองไม่ค่อยเห็นกับหลาน 6 เดือนไม่ได้กินนมหลายวันแล้วช่วยด้วยนะคะช่วยไปเอาออกมาด้วยนะคะ
อยู่ บ้านเลขที่130
ถนนประสานมิตร 
ซอย 2 
ตำบลควนลัง
อำเภอหาดใหญ่
เบอญาติ  ผู้ขอความช่วยเหลือ 
รวยรื่น 063750****"
136,"🆘 รบกวนขอความช่วยเหลืออพยพพ่อแม่ด่วน 🆘 
💰 ช่วยค่ารถค่าเรือได้ทันที 30,000 บาท

ผู้ใหญ่ 3 คน อายุ 60-65 ปี
บ้านเลขที่ 127 ซ.23 ถ.นิพัทธิ์สงเคราะห์1 ติดต่อเบอร์ที่ศูนย์ราชการให้ไว้ไม่ได้เลยสักเบอร์ค่ะ รบกวนด้วยนะคะ 
ติดต่อ 061664****, 089877****, 098694****

🌧️ น้ำขึ้นต่อเนื่องถึงชั้นสองแล้วค่ะ บ้านมีสองชั้น

🙏ใครพอจะช่วยได้รบกวนช่วยแชร์ด้วยค่ะ🙏

https://maps.app.goo.gl/7DjKEx2AwrRGnk9V9?g_st=ipc"
137,"ต้องการอาหารและน้ำดื่มครับ มีหลายหลังคาเรือนอยู่ในตึกที่พัก รออาหารและน้ำดื่ม
พิกัด โซนหมู่บ้านบ้านจ่า ถนนบ้านจ่า ตำบลหาดใหญ่ อำเภอหาดใหญ่ จังหวัดสงขลา 90110 
082-401**** แนน ขอบคุณมากครับ"
138,ละม้ายสงเคราะห์ซอย5  มีผู้สูงอายุรวมกันชั้นบนหลายคน  ขอความช่วยเลือด่วนด้วยครับ  ผมติดต่อได้ครั้งสุดท้ายเมื่อคืน  อาหารน้ำก็หมดแล้ว  ผู้ประสบภัยแจ้งว่าถ้าเข้ามาช่วยได้ให้เข้าทางซอยเฉินหลงแล้วเข้ามาสุดซอยหมู่บ้านจะมาชนกับด้านหลังของบ้านของผู้ประสบภัย  โดยตอนนี้ได้เอาเสื้อขาวทำเป็นสัญญลักษณ์ไว้ให้เห็นจุดที่ติดกันอยู่ครับ  เบอร์โทรผู้ประสบภัย 084784**** คุณธนาศรี
139,"⚠️ขอความช่วยเหลือค่ะ⚠️
📍📍มีคนติดอยู่ในบ้าน 3คนค่ะ หมา 1 แมว 1 รบกวนช่วยเหลือด้วยนะคะ 

พื้นที่ใกล้เคียง ตลาด small คลองร5. ซอยแรก บ้านจะอยู่ฝั่งซ้ายมือบ้านสีขาว รั้วชั้น2สีขาว

27 ซอย 2 วุฒิธานี ต.คอหงส์ อ.หาดใหญ่ จ.สงขลา

06-2514-**** : แบม
08-1287-**** : พี่แทน
09-3587-**** : พี่นุ๊ก
มีคนบริเวณโดยรอบติดอยู่ด้วยค่ะ

https://maps.app.goo.gl/awdzLrEvhDrPAexU8?g_st=ifm"
140,ของแทร่ ไม่สร้างภาพ
141,ช่วยเพื่อนผมด้วยนะครับ
142,"📌ขอความช่วยเหลือค่ะ 
น้ำท่วมชั้น 1 จมไปแล้วค่ะ ยังติดอยู่ในบ้าน
📍บ้านเลขที่ 793 ถนนรัถการ ตำบลหาดใหญ่ อำเภอหาดใหญ่ จังหวัด 90110
ติดต่อ ขวัญชนก ศศิธร 063387****
สมาชิกในครอบครัว 5 คน ช 2 ญ 3 แมว 4 🙏🏻"
143,"ช่วยกันกู้หาดใหญ่ด้วยครับอันดับแรกช่วยชีวิตคนออกมาจากหลังคาบ้านจากชั้นสองที่ถูกน้ำท่วมสูงสองสามเมตรล้อมอยุ่หลายวัน ครับ
บางคนไม่ได้ทานอาหารมาห้าหกวันแล้วหนาวเปียกฝน   วิตกกังวล จะ  กรุณา
1) ช่วยระดมเฮลิคอปเตอร์จากกองทัพบกทัพเรือทัพอากาศตำรวจบินไปช่วยเอาคนออกมาก่อนเป้นอันดับแรก  เสียชีวิตหลายสิบคนแล้ว และส่งเสบียงให้ทัน เพียงพอ ทั่วถึงครับ ด่วน
2)สื่อสารให้ชัดเจนรับรุ้ทั่วหาดใหญ่ ว่าจัดที่หลบภัยที่ปลอดภัยจุดไหน จะใช้พาหนะอะไรช่วยพาอพยพไปได้ครับ?
3)ระบายมวลนำ้เจาะถนนที่ขวางทางนำ้ให้มวลน้ำมหาศาลในหาดใหญ่ที่เป็นแอ่งกระทะไหลออกไปยังทะเลสาบสงขลา…ฯลฯครับ"
144,"สวัสดีครับ ขอความช่วยเหลือครับ 
บ้านเลขที่ 52/2 ซ.น้อมสุวรรณวงศ์ แถวท่าเคียน บ้านอยู่ ใกล้คลอง ร.1 ระดับน้ำถึงหลังคาแล้วครับ 
ที่บ้านมีกัน 5คน เป็นผู้สูงอายุ และเด็กเล็ก สัญญาณโทรศัพท์แย่มากครับ 
ตอนนี้ติดต่อคนในบ้านไม่ได้แล้ว คาดว่าแบตเตอรี่น่าจะหมดแล้วครับ
อาหาร น้ำดื่มหมดแล้วครับ 
ต้องการอพยพครับ  
ติดต่อ 093564**** 096410****,088639****

🚩 https://maps.app.goo.gl/E7zk7scYVAoqkb6N6?g_st=ipc"
145,"🆘ขอความช่วยเหลือต้องการอพยพเร่งด่วน🆘

โซนที่อยู่ ราษฎร์ดำริ ซอย 1
ชื่อ: หงส์ 

คนในบ้าน: ผู้สูงอายุ 2 ผู้หญิง 1 คน  
รวม 3 คน

ระดับน้ำ: ในบ้านท่วมถึงตีนบันไดชั้น 2 แล้ว มีคนติดอยู่ชั้น 2 

จุดสังเกตุ :  สี่แยกไดอาน่า เข้าซอยปั๊มบางจาก ตรงเข้ามา ซ.1 อยู่ทางซ้ายมือ เลี้ยวขวา บ้านเลขที่ 22 ขวามือค่ะ

⛔️ต้องการ: อพยพเร่งด่วน !!!!

ติดต่อ: 094-295****
094-639****
https://maps.app.goo.gl/aHBcMs3BFc2NV2H66"
146,"📍ขอความช่วยเหลือค่ะ ต้องการอพยพ📍
ผู้ป่วยรวม 34 ราย
- ผู้ป่วยติดเตียง 33 ราย มีเจาะคอ ฟีดอาหาร ดูดเสมหะ ให้ออกซิเจน
- ผู้ป่วย 1 ราย พอช่วยตัวเองได้บ้าง 
- ผู้ดูแล 12 คน

ตอนนี้อพยพขึ้นชั้น 2 น้ำท่วมชั้น 1 หมดแล้ว กลัวว่าถ้าน้ำมาอีกจะไม่มีที่ไป

📌 พิกัด  บ้านคุณพยาบาล เกาะหมี 
ศูนย์ดูแลผู้สูงอายุ 33/16 ม.11 ต.เกาะหมี อ.หาดใหญ่ สงขลา

☎️ เบอร์โทร ชื่อ ยา 098013****  ☎️
☎️ เบอร์สำรอง  หนิง  081-954-****☎️"
147,"🚨 ขอความช่วยเหลือ เข้าช่วยคุณพ่อคุณแม่ด้วยค่ะ 🚨
🆘🆘 อาหารกับน้ำและแบตตอนนี้หมดแล้วค่ะ 🆘🆘
.
🚨 ขอความช่วยเหลือด่วนค่ะ 🚨
หาเรือเข้าไปรับผู้สูงอายุ2คน อายุ70ปี (คุณพ่อกับคุณแม่ที่มีโรคประจำตัวหอบหืดและเดินไม่สะดวกเนื่องจากผ่าตัดหัวเข่า) น้ำหมดแล้วส่วนอาหารใกล้จะหมดไม่มีน้ำประปา ไฟฟ้า และสัญญาณโทรศัพท์ ติดอยู่บนบ้านมา 3 วันแล้ว *ต้องการอพยพด่วน* ตอนนี้ยังติดต่อคนที่บ้านไม่ได้ค่ะ ติดต่อไปทุกหน่วยงานและทุกช่องทางแล้ว ยังไม่มีหน่วยงานไหนเข้าให้ความช่วยเหลือค่ะ
.
บ้านเลขที่ 101 ถ.รัตนอุทิศ ซ.15 (ติดกับโบสถ์คริสต์) ต.หาดใหญ่ อ.หาดใหญ่ จ.สงขลา ค่ะ
ติดต่อ 096656**** หนูนา(ลูกสาว)ค่ะ
🙏🏻 ขอบคุณค่ะ 🙏🏻"
148,"ขอความช่วยเหลือค่ะ
ในบ้านมีผู้สูงอายุ​ อยู่คนเดียว​ เลขที่​ 325/14
ทุ่งเสา​  2​ ซอย​ 2​ /2​ (นางดำอุทิศ)​ ซอยตัน​ ตรงข้าม​ ส.สวิตบอร์ด​ น้ำยังสูงค่ะ​ ออกจากบ้านไม่ได้​  ไม่มีอาหารเลยค่ะ​ ฝากหน่วยงาน​ มาแจกอาหารหน่อยค่ะ
โทร.​062942****​"
149,"ช่วยด้วยนะคะ
มีกลุ่มคนประมาณ 200 กว่าชีวิต (ส่วนใหญ่เป็น ผู้สูงอายุ และ นักท่องเที่ยวจากมาเลเซีย)
 • ติดอยู่ที่ โรงแรมพาราไดส์ (เขต 😎 ซอยเลื่อนอนุสรณ์
 • ต้องการสิ่งของเร่งด่วน เช่น
 • ข้าวกล่อง
 • น้ำดื่ม
 • ผ้าอนามัย
 • ยาพารา ฯลฯ
 • โทรศัพท์ใกล้แบตหมดและ ไม่มีสัญญาณดี
 • ขอให้ช่วยแชร์ต่อและระบุ เบอร์ติดต่อ 064-541-****"
150,#ขอความช่วยเหลือ 169 หมู่ 1 ถนนปลักหว้า 1 ตำบลควนลัง คับ  มีคนท้อง7เดือนติดอยู่4วันแล้วค่ะ🙏
151,"ขอความช่วยเหลือ
ดีคอนโด 

ดีคอนโด  ซอยไกลโศก  ข้างโฮมโปร
ใกล้ๆเซนทรัลค่ะ

ติดต่อโทรศัพท์ไม่ได้เลยค่ะ  
มีน้องชาย น้องสะใภ้และหลานชาย 5 ขวบ

รบกวนความช่วยเหลืออพยพออกมา

ในคอนโดน่าจะมีคนติดอยู่จำนวนมากค่ะ"
152,"📌📌ขอความช่วยเหลือต้องการอพยพด่วนๆ ครับ

บ้านเลขที่ 29 ซอย 38 ต.หาดใหญ่ อ.หาดใหญ่ จ.สงขลา (ใกล้โลตัลหาดใหญ่ใน)

ตอนนี้ปริมาณกำลังถึงชั้น 2 น้ำเพิ่มสูงขึ้นเรื่อยๆครับ

เบอร์โทร 086639****,080539****,082416****

ในบ้าน
มีผู้สูงอายุ 2 คน
เด็กเล็ก 1ขวบ 1 คน
ผู้ใหญ่ 2 คน"
153,"🚨🚨🚨ต้องการขอความช่วยเหลือด่วนที่สุด 🚨🚨🚨
ซ.5 ถ. โชคสมาน5 กลางซอย ตรงข้ามลานจอดรถค่ะที่บ้านอยู่กัน 12 คนรวมคนแก่ ขาดอาหารและ น้ำดื่มค่ะ และมีบ้านข้าง คนแก่ต้องการอพยพ ค่ะ รวม 3 หลังที่มีคนแก่ค่ะ 
ติดต่อ 083638****

https://maps.app.goo.gl/oY2kBc7zH9X93AMm9?g_st=ipc"
154,"โซนที่อยู่ : 36 ซอย 1 หมู่บ้านจันวิโรจน์ ตำบลหาดใหญ่ อำเภอหาดใหญ่ (หลังคาสีส้ม บ้านอยู่หัวมุม เกือบสุดซอย) ถ้าเข้าจากต้นซอยจะอยุ่ขวามือ 

ชื่อ: ผอ. ธัญญ์ลักษณ์ ขจรสกุลวงศ์ (ผอ.แอ๋ว)

คนในบ้าน: 3 คน (ผู้สูงอายุ 2 ผู้ใหญ่ 1)

📣ระดับน้ำ: วิกฤตมาก ท่วมชั้นสองแล้ว บ้าน 2 ชั้น ไม่ทีที่อยุ่แล้ว 

ที่อยู่ :36  ซอย 1 หมู่บ้านจันวิโรจน์ ตำบลหาดใหญ่ อำเภอหาดใหญ่

จุดสังเกต : หลังคาสีส้ม

⚠️ต้องการ: อพยพ⚠️

🚨ติดต่อ:089-299**** ,093425****

https://maps.app.goo.gl/svP5557EEXcrFMtV7"
155,"ต้องการความช่วยเหลือด่วน ‼️

มีคนติดอยู่ที่โรงแรม Chinatown Living Hatyai ประมาณ 20 คนรวมเด็กน้อย 1 คน ไม่มีอาหาร ไม่มีน้ำและไม่มีไฟใช้ ตอนนี้ท่วมชั้น 1 แล้ว 

📍พิกัด : 1/33 ถนนประชารักษ์ ตำบลหาดใหญ่ อำเภอหาดใหญ่ จังหวัดสงขลา 90110 (โรงแรมติดวัดถาวร อยู่ซอยน้ำหมุน เส้นฉื่อฉาง)

📞 ติดต่อ : 098-962**** 

ใครมีเรือหรือเจ็ตสกี ขอความช่วยเหลือด้วยค่าา 🙏🏻🥹 Chinatown Living Hatyai"
156,ขอให้ปลอดภัยทุกคนค่ะ
157,"🙏🙏ขอความช่วยเหลือคะ 🙏🙏

น้องขึ้นเวรอยู่โรงพยาบาลหาดใหญ่ 📌🏥 

มีคนติดอยู่ที่บ้านผู้สูงอายุ  ผู้ใหญ่ เด็ก 3 ขวบ ตอนนี้ยังไม่มีหน่วยงานไหนเข้าไปช่วย 😭😭

💢💢ที่อยู่บ้านอยู่เลขที่ 176 ซ.2 วุฒิธานี อยู่หลังตลาดคลอง ร.5 เข้าซอย 2 ตรงไปสุดซอย เลี้ยวขวา แล้วขับไป 50 ม. เลี้ยวซ้าย บ้านอยู่ซ้ายมือหลังในสุด

📞📞เบอร์ติดต่อค่ะ
นายฉัตรชัย อิสสระ เบอ 088957****"
158,"⚠️ขอความช่วยเหลือค่ะ⚠️
ขอเรืออพยพ ผู้ใหญ่ 2 คน (ช1 ญ1)
แมว 1 ตัว

ติดต่อ 092-536-**** , 096251****

176/48 หมู่ที่ 11 ซ.4 กาญจนราเมศวร์ ตำบลคลองแห อ.หาดใหญ่ จ.สงขลา 90110

https://maps.app.goo.gl/Cue38QD3E3tBgM3D8?g_st=ipc"
159,"นิพัทธ์สงเคราะห์1ซอย2/2
มีอยู่ที่ชั้น2ทั้งหมด3คนท้อง1คน
เข้าไปช่วยด้วยน่ะครับ🙏"
160,"ขอความช่วยเหลือหน่อยค่ะ มีผู้ประสบภัยจำนวนหลายร้อยคน ติดอยู่ที่ศูนย์พักพิง ""วัดคลองแห"" หมู่ที่ 4 ตำบลคลองแห ส่วนใหญ่มีแต่กลุ่มเปราะบาง ผู้ป่วยติดเตียง ผู้พิการ คนชรา เด็ก ตอนนี้น้ำท่วมสูงไม่สามารถอยู่ได้ (และน้ำยังคงสูงขึ้นอย่างต่อเนื่อง) ไม่มีน้ำและไฟฟ้าใช้ โทรศัพท์เริ่มแบตหมดและติดต่อไม่ได้ รอรับความช่วยเหลือและต้องการอพยพไปในพื้นที่ที่มีความปลอดภัย ค่ะ ติดต่อ ลิฟท์ 098737****"
161,"🚨🚨ขอความช่วยเหลือหน่อยค่ะ🚨🚨
น้ำขึ้นชั้น2 ต้องการอพยพค่ะ บ้านเลขที่ 92/36 หมู่ 5 ชุมชนหลากำนัน ตำบลคลองแห  จำนวนอพยพประมาณ 20 คน มีผู้สูงอายุ ผู้ป่วยโรคหัวใจ,มะเร็ง,ความดัน,เบาหวาน และเด็กอายุประมาณ1ขวบ
📞081368****"
162,"🚨ต้องการอพยพออกจากพื้นที่ด่วนค่ะ 🚨

📍พิกัด: Too sleep residence ซอย 7 และ 10 คลองเตย ต.คอหงส์ อ.หาดใหญ่ (ซอยหลัง Big C Extra) มีผู้สูงอายุติดอยู่บนหลังคา 20 คน และอีกประมาณ 30 กว่าชีวิต ตอนนี้ในซอยน้ำกำลังจะท่วมขึ้นชั้นสองแล้วค่ะ ขาดแคลนน้ำอาหาร

📍พิกัด: S.K. Condo 16 จิระคร ซอย 1 ต.หาดใหญ่ อ.หาดใหญ่ (หน้ารร.ญว) ไม่มีน้ำไม่มีไฟ อาหารขาดแคลน ต้องการอพยพด่วน ติดต่อไม่ได้มา2วันแล้วค่ะ

📍พิกัด: Rin guest house 1/11 ถ.ศุภารรังสรรค์ ซ.ประชารักษ์ ต.หาดใหญ่ อ.หาดใหญ่ (ใกล้วัดถาวรแสงศรี) ตอนนี้ระดับน้ำถึงชั้นสองแล้วค่ะ ไม่มีไฟฟ้าไม่มีน้ำ ขาดแคลนอาหาร มีคนในบ้านทั้งหมด4คน มีคนเจ็บในบ้านด้วยค่ะ

📍พิกัด: บ้านเลขที่ 30 ในซอยโรงแรมพาราไดซ์ แอนด์ รีสอร์ท 99 ถ.ราษฎร์อุทิศ ซ.เลื่อนอนุสรณ์ ต.หาดใหญ่ อ.หาดใหญ่ (เขตแปด) ตอนนี้น้ำท่วมถึงชั้นสองแล้ว บ้านมีสองชั้นกำลังจะจมทั้งหลังแล้ว ไม่มีหน่วยช่วยเหลือมาในซอยนี้เลยค่ะ ไม่มีน้ำไม่มีไฟ ติดต่อไม่ได้มา3วันแล้วค่ะ ติดอยู่ในบ้าน4คนค่ะ

เบอร์ติดต่อ: 086448**** (หลิง)
เบอร์ติดต่อ: 093609**** (อัน)

รบกวนขอความช่วยเหลือด้วยค่ะ🙏🏻🆘"
163,"🚨 #ขอความช่วยเหลือ 🚨ต้องการอพยพค่ะ

คนแก่(ป่วยโรคสโตรก) 1 คน เด็ก 1 คน ผู้ใหญ่ 2  คน 

บ้านเลขที่ 15 ซ.20 ถ.โชคสมาน5 ติดต่อล่าสุดเมื่อวานน้ำกำลังจะขึ้นชั้น2 เช้านี้ติดต่อไม่ได้แล้ว
085852****"
164,ฝากช่วยเหลือด้วยมี4คนติดอยู่
165,ขอบคุณพรรคส้มคะ 🧡🧡
166,"🚨ขอความช่วยเหลืออพยพ ด่วนน

🚨โซนถนนพลพิชัย สุทธิสมิทธิ์ วัดปรักกริมสระน้ำ ยังไม่ได้รับการช่วยเหลือ

⚠️มีผู้ใหญ่และเด็กประมาณ10 คน 
ทุกคนย้ายมาอยู่รวมกันที่นี่

🆘ตอนนี้น้ำท่วมขึ้นชั้น2 แล้วค่ะ 

📍93 ถนนชื่นแก้วอุทิศสมิทธิ์พัฒนา แถววัดปรักกริมสระน้ำ บ้านติดกับศูนย์อนามัย
📍พิกัด https://maps.app.goo.gl/tW6QsCxAMycBRsmb6?g_st=ipc

☎️ 089465****  แม่เปิ้ล ผู้ประสพภัย
      083947****  น้องมุก 
      095662****  ผู้แจ้ง"
167,"🔴ต้องการความช่วยเหลือ🔴
#ช่วยพาเด็กเล็กออกมาหน่อยคร่า 🙏🥺
#มีเด็กเล็ก1คน #สูงอายุ1คน #ผู้ใหญ่2คน
วันนี้น้ำขึ้นสูงถึงชั้น2 น้ำขึ้นเรื่อยๆ 
แบตหมด อาหารหมด

""ร้านสักหาดใหญ่ เส้นนวลแก้ว"" 
(ตรงข้ามสนามฟุตบอลBLACKBLOCK)
120 ถ.คลองเตย-คลองเปล ซ.4 ต.คอหงส์

#ขอความช่วยเหลือ #น้ำท่วมหาดใหญ่68 
#ต้องการอพยพออกจากพื้นที่

https://maps.app.goo.gl/uQxevhCFdiXg6w458"
168,"ขอความช่วยเหลือหน่อยค่ะ มีนักศึกษา2คน ติดอยู่เขต8 ถ.รัตนอุทิศ หอ14เรสซีเด้นท์ ต้องการอพยพ ออกจากพื้นที่ด่วน ติดอยู่ในหอ 5 วันแล้วค่ะ ไม่ได้กินอะไรมา 3 วันแล้ว ติดต่อมาที่เบอร์ 081036**** (พ่อ)
062994**** (แม่) *โทรศัพท์น้องไม่มีแบตค่ะ
#น้ำท่วมหาดใหญ่ #น้ำท่วมภาคใต้"
169,"🆘🆘ขอความช่วยเหลือด่วนค่ะ 🆘🆘
มีผู้สูงอายุ ติดต่อไม่ได้ และมีนัดฟอกไตพรุ่งนี้ค่ะ‼️‼️

1.  ชื่อ: อรรถสิทธิ์,พรทิพา
2.  เบอร์โทรศัพท์ผู้ประสบภัย : 091-847-**** (ไม่สามารถติดต่อได้) #แบตหมด
3.เบอร์โทรศัพท์ผู้แจ้ง : 083-452-****
4.จำนวนผู้ประสบภัย,อายุ : ผู้สูงอายุ อายุ 68 ปี (โรคหัวใจและหอบ) และ 64 ปี (โรคไต มีฟอกไตอีกครั้งวันพุธที่ 26/11/68)
5.ความต้องการ : ขนย้ายคนด่วน
6.พิกัดที่ติดอยู่หรือจุดสังเกต: บ้านเลขที่ 11 ซอยดวงจันทร์ 2 เข้าทางโรงแรมโกลดเด้นคราวน์ ปากซอยเป็นร้านนวดชื่อ At Rest และหอพักรายวัน เข้าซอยมาอยู่ทางขวามือ
7.พิกัด gps : https://maps.app.goo.gl/me9RaDhSCXJmRcXt6?g_st=il"
170,"หมุดที่ได้รับแจ้งมา
https://www.facebook.com/share/p/1AFetFCLR4/"
171,"📍📍ขอความช่วยเหลือด่วนครับ📍📍📍พิกัด PLแมนชั่น ใกล้กับ มหาลัยหาดใหญ่
#น้ำท่วมหาดใหญ่68
ไม่คิดว่าชีวิตต้องมาเจออะไรแบบนี้ 🥹😭😭
เป็นการอพยพที่เสี่ยงตายมาก หดหู่สุดๆ
50 กว่าชีวิตงัดแล้วก็ปีนเข้าแมนชั่นโดยที่ไม่ได้รับอนุญาตกันเลย คือมันต้องทำเพื่อหนีน้ำท่วมเอาชีวิตให้รอดกันก่อน
ตอนนี้เรายังไม่ปลอดภัยกันเลย จะมีหน่วยงานไหนจะเข้ามาช่วยเราได้บ้างก็ไม่รู้
 5 วันแล้ว 😭😭😭 #ความช่วยเหลือ หน่อยเถอะค่ะ บางคนก็ไข้ มีทั้งเด็กเล็ก คนชรา จะไม่ไหวกันแล้ว🥹😭😭😭
095-014**** / 063-579****"
172,ฝ่ายค้าน ทำงานดีกว่ารัฐบาลอีก
173,ส่งกำลังใจให้ชาว สงขลานะคะ และได้ส่งกำลังเงินไปร่วมด้วย ขอบคุณ พรรคประชาชน ที่เข้าไปช่วยชาวสงขลาด้วยค่ะ 🍊🍊🍊🍊🍊🧡🧡🧡🧡🧡
174,"⚠️ ขอความช่วยเหลือค่ะ ติดต่อน้องชายไม่ได้4วันแล้วค่ะ ( อาบีดิง แยนะ )
📌บ้านเลขที่ 25/1ถนนสันติราษฏร์ ซอย 1
ตำบลหาดใหญ่ อำเภอหาดใหญ่ จังหวัดสงขลา 
⚠️ ติดต่อก่อนหน้านี้เมื่อ3วันแล้วไม่รู้ได้อพยพไปจากซอยนี้ไปหรือยังค่ะ 
ผู้แจ้ง 080-711****
#น้ําท่วมภาคใต้ #น้ำท่วมหาดใหญ่ #น้ำท่วมหาดใหญ่2568 #กันจอมพลัง

https://www.facebook.com/share/p/177rjScRhN/?mibextid=wwXIfr"
175,ขอบคุณพรรคประชาชนค่ะ
176,ลงข้อมูลไว้แล้วแต่ขออนุญาตแปะด้วยครับ อาหารและน้ำหมดแล้ว
177,"📍📍📍ขอความช่วยเหลือจากทุกหน่วยงานด้วยค่ะ น้ำกำลังจะขึ้นชั้น2 ในบ้านอยู่กัน 5คน มีผู้สูงอายุด้วยค่ะ
📌บ้านเลขที่42 ซอย18 ถ.รัตนอุทิศ ตำบลหาดใหญ่ อำเภอหาดใหญ่

เบอร์ติดต่อ081-390-**** 
                 083-656****
ถ้าติดต่อไม่ได้ตะโกนเรียกได้เลยค่ะ"
178,"📍ขอความช่วยเหลือด้วยค่ะ
ตอนนี้สถานการณ์ท่วมมิดชั้น1 น้ำกำลังขึ้นไปชั้น2แล้วค่ะ อาม่า(90+ปี) ลุง(60+ปี)ป้า(~50ปี)น้องชาย(17ปี) ติดอยู่ที่ชั้นลอยภายในบ้าน หน้าต่างของชั้นลอยอยู่ภายในบ้าน ไม่มีหน้าต่างมองออกข้างนอกเลย และน้ำมิดประตูบ้านไป เหมือนบ้านปิดตายเลยค่ะ ออกไปออกความช่วยเหลือไม่ได้เลย 
น้องชายแจ้งว่าสัญญาณอ่อนมากเลยค่ะ
จุดสังเกต: มีบ้านไม้ 2 หลังติดกัน บ้านไม้สีขาว (ซอยเดียวกับร้านIntercorner)ชั้นครึ่ง ตอนนี้น้ำ 2 ขั้นบันไดแล้วค่ะ 
ที่อยู่: 57 ทิพรัตน์ หาดใหญ่ (เยื้องร้านIntercorner กิมหยง)
Map: 
https://maps.app.goo.gl/vAHoeemAhHtdcNsAA?g_st=ipc
⛔️ต้องการย้ายออกค่ะ ⛔️
เบอร์ติดต่อ
082-449**** (ผู้แจ้ง)
065331****  (ผู้ประสบภัย)
062662****  (ผู้ประสบภัย)"
179,"สวัสดีครับ
ต้องการให้เข้าไปช่วยเหลือ1ครอบครัว
ที่บ้านมีคนแก่2คน กับผู้ใหญ่1คนและเด็กอีก1คน🙏🏻

บ้านเลขที่ 59/12 ม.1 ถนนท่าไทร-บางหยี ต.คลองแห อ.หาดใหญ่ จ.สงขลา 90110
081734**** เบอร์โทร

พิกัด
7°02'15.2""N 100°27'11.6""E"
180,ดีครับ ช่วยอะไรได้ช่วยกันไปก่อน รอรัฐบวยไม่ไหวครับ มันแย่จริงๆ
181,"ขอความช่วยเหลือ🙏🏻🙏🏻🙏🏻
มีผู้ป่วยติดเตียงให้ออกซิเจนกลายเป็นเคสสีดำ 🖤
จากการตัดไฟฟ้า ตั้งแต่ตอนเย็น บริเวณริมคลอง ร.5 

ตอนนี้ น้ำในบ้านระดับอก ไม่สามารถเคลื่อนย้ายผู้เสียชีวิตออกมาได้ และระดับน้ำสูงขึ้นเรื่อยๆเกือบท่วมร่าง

ไม่สามารถติดต่อหน่วยงานไหนเพื่อเข้ารับร่างได้เลย 
ใครผ่านมาเห็น หรือสามารถประสานงานกับหน่วยงานที่เกี่ยวข้องได้ รบกวนขอความช่วยเหลือด้วยนะคะ

60 ซ.ประชาสันติ ต.คอหงส์ อ.หาดใหญ่ จ.สงขลา

https://maps.app.goo.gl/kudsoUz4t1iBMpzF8?g_st=ipc

086-684-****  
084-060-****"
182,"สวัสดีค่ะ ต้องการขอความช่วยเหลือค่ะ 📍📍

7.0047740, 100.4573908
พิกัด เขต 8 ซอย 17/3 ราษฎร์อุทิศ หลัง
โรงเรียนพลวิทยา
ที่บ้านมีแต่ผู้หญิง 1 คน เด็ก 2 คนและผู้สูงอายุ 2 คน ครับน้ำท่วมชั้น2 ไม่มีที่อยู่ อาหาร น้ำ หมด
081896****
081963****
081898****
095547****
แบตน่าจะหมดหรือไม่มีสัญญานครับ
ติดต่อไม่ได้3วัน      
ติดต่อ จิรเวชณ์ มีวาสนา 085-894-****

https://maps.app.goo.gl/XEx8YjdUQR8yS5zL6?g_st=ipc"
183,"🚨🚨ขอความช่วยเหลือครับ🚨🚨
มีเด็กและผู้สูงอายุ ที่มีโรคประจำตัวร้ายแรง❗️
จำนวนที่อยู่ประมาณ 15-20 คน
อยู่ในอาคารชุมสายโทรศัพท์เคลื่อนที่จังหวัดสงขลา หัวรั้ว ตรงข้ามซอย 7 คลองเตย
❌ ไม่มีน้ำและอาหาร
📍 พิกัด: https://maps.app.goo.gl/KfV3TgUW2dMtJVeh7?g_st=ipc
เบอร์ติดต่อ:
086293****
081766****
064562****
064659****"
184,"🆘 ขอความช่วยเหลือค่ะ ลุงข้างบ้านจมน้ำเสียชีวิต บ้านเลขที่ 34 ซอย 14 ถ.นิพัทธิ์สงเคราะห์1 หาดใหญ่ ซอยอยู่เลยโรงพยาบาลศิครินทร์ไป ซอยอยู่ขวามือ รบกวนเข้าไปช่วยด้วยค่ะ ขอบคุณค่ะ 🙏🏻
https://maps.app.goo.gl/wRzJW18NA9YDqxsN9?g_st=ipc"
185,"ขออนุญาตใช้พื้นที่กระจายข่าวช่วยเพื่อนค่ะ
#น้ำท่วมหาดใหญ่
อัพเดท 25/11/2568 11.00 น.

173  ถ.คลองเตย-คลองเปล ซ.4
ต.คอหงส์  อ.หาดใหญ่  จ.สงขลา  
โทร.062-206-**** 
085-503-**** (อาร์มี่)

   เพื่อนเราติดอยู่น่าจะชั้น 3 ค่ะ ตอนนี้น้ำกำลังขึ้นมาที่ชั้น 2 ของบ้าน (น้ำมีแนวโน้วว่าจะเพิ่มขึ้นเรื่อย ๆ) ในบ้านมีคนเจ็บ เด็ก และแมว เสบียงเหลือค่อนข้างน้อย เน็ตช้า ไฟฟ้าดับ แบตโทรศัพท์ก็จะหมดค่ะ การติดต่อสื่อสารค่อนข้างยาก 
     เพื่อนแจ้งว่าชาวบ้านละแวกนั้นน่าจะเกือบทั้งหมด ที่ยังไม่ได้อพยพออกจากพื้นที่น้ำท่วมค่ะ 
    ตอนนี้ยังไม่มีหน่วยงานไหนเข้ามาให้ความช่วยเหลือเลยค่ะ ฝากเพื่อน ๆ พี่ ๆ น้อง ๆ ช่วยแชร์ ให้ผู้มีจิตอาสาและหน่วยงานที่เกี่ยวข้องเข้ามาช่วยเหลือทีนะคะ"
186,"🆘🆘#ขอความช่วยเหลือด้วยค่ะ 🙏🙏
📍พิกัด หลังบิ๊กซีเอ็กตร้า ซ.โชคดี 
ต.คอหงส์ อ.หาดใหญ่ จ.สงขลา 
ตอนนี้หลบอยู่บนฝ้าเพดานบ้าน
มีเด็กเล็ก 3 คน ผู้ใหญ่ 4 คน
ขอความช่วยเหลือหรืออาหารด่วนค่ะ
ตอนนี้ยังไม่มีใครเข้ามาช่วยค่ะ 
ติดต่อ 091-169**** ผู้ประสบภัย
ติดต่อ 086-293**** ผู้แจ้ง"
187,"เป็นรัฐบาลสมัยหน้า
ทำให้ดีและเต็มที่นะครับ
ประชาชนรอสนับสนุนอยู่
อย่าให้เสียชื่อคนทำงาน😎"
188,พรรคประชาชนทำงานเพื่อประชาชนคนไทยจริงๆๆ
189,"🆘 ต้องการอพยพคนค่ะ 🆘
 
❗️ที่อยู่: 9 ถ.นิพัทธ์สงเคราะห์ 1  ซอย 18 อ.หาดใหญ่ 

พิกัด: https://maps.app.goo.gl/7r5oG1WZF6KdFy3K6?g_st=ipc

คุณเขมญดา (ผู้ประสบภัย)

คนในบ้าน: มียายอายุ 80 กว่าปี 1 ท่าน และผู้สูงอายุวัย 60 กว่า 2 ท่าน ตอนนี้อาศัยอยู่บนชั้น 2

ระดับน้ำ: สูงเทียบชั้น 2 แล้วค่ะ

บ้านหลังสีขาวข้างซ้ายมีเหล็กดัด ติดกับพันธมิตรแอร์ (สีเหลือง)

⛔️ ต้องการอพยพออกจากพื้นที่โดยด่วน แบตมือถือหมด ติดต่อไม่ได้แล้วค่ะ

ติดต่อ: 093419**** (ลูกชาย) /"
190,"สวัสดีค่ะ ขอความช่วยเหลือต้องการอพยพ ในบ้านมีเด็กเล็ก 2 คน อายุไม่ถึง 1 ขวบ 1 คน 

พิกัด บ้านเลขที่ 91/3 ถนนถัดอุทิศ ตำบลหาดใหญ่ อำเภอหาดใหญ่ (ชุมชนป้อม 6) บ้านหลังสีเขียว 2 ชั้น 
https://maps.app.goo.gl/B2SdaMmTb1stu4os8?g_st=ipc

ชื่อผู้ติดต่อ มณิการ์ เนตรสว่าง (แบตหมด) เบอร์โทรผู้ประสาน 097075**** (ธีรนาฎ มีนุ่น)"
191,"📍ขอความช่วยเหลืออพยพด่วน📍
มีเพื่อนติดอยู่บ้านสองชั้น น้ำกำลังจะขึ้นถึงชั้นสองแล้ว
📍พิกัด : 282 ถนนองค์การบริหารส่วนจังหวัดสงขลา ตำบลบ้านพรุ อำเภอหาดใหญ่ จ.สงขลา ( บ้าน2 ชั้นตรงหัวโค้ง เลยวัดบางศาลา)
📍จำนวน : 17 คน 
📎 นัท 091846**** ผู้ประสบภัย"
192,"🆘 ขอความช่วยเหลือด่วน ‼️
⚠️ต้องการอพยพ‼️

บ้านเลขที่ 18 ถนนนิพัทธ์สงเคราะห์5 ซอยสุรัตน์การเคหะ1 ต.หาดใหญ่ อ.หาดใหญ่ จ.สงขลา

น้ำขึ้นชั้น 2
*โซนหลังแบงค์ชาติ

ติดต่อคนแจ้ง
084-854**** (หมี)
090-217**** (โรจน์)

มีผู้ใหญ่ 4 คน 
เด็ก3ขวบ 1 คน"
193,"ขออนุญาตรบกวนค่ะ พอดีมี helicopter บินผ่าน แต่ แถว ราฏอุทิศ ซอย 18 แต่ไม่ได้มีเสบียงมาที่บ้านเลยค่ะ  แนบ รายละเอียดมาให้ ของ คุณตา คุณแม่ poppy คุณแม่รออยู่ดาดฟ้าอย่างมีความหวังค่ะ 

จำนวนผู้ประสบภัย,อายุ : 2 ผู้สูงอายุ 85 กับ คุณแม่ 74 
 

5.ความต้องการ : อาหาร น้ำ 

6.พิกัดที่ติดอยู่หรือจุดสังเกต: บ้านสีส้ม ข้าง ปั้ม ปตท ราษฎร์อุทิศ 18 

7.พิกัด gps (link Location)https://maps.app.goo.gl/Z6X3vaAUEyxiArJT9?g_st=ipc"
194,"🚨ขอความช่วยเหลือหน่อยค่ะ🚨

มีคนติดอยู่ประมาณ 20-30 คน
ที่ บ้านปูนใสใบพลู เลขที่ 7/11 ซอย ทองดี 3 ถนน จิระนคร ตำบลหาดใหญ่
ตำบลหาดใหญ่, อำเภอหาดใหญ่, จังหวัดสงขลา, 90110
🆘ต้องการอาหาร น้ำดื่มค่ะ🆘

อัสมา(มาม่า)
094-805-****
อัสนี (นีนี่)
099-483-****"
195,"ต้องการความช่วยเหลือด่วนน้องๆพักประมาณ 10 คนชั้น 1ชั้น2ท่วมแล้วเหลือชิ้นสุดท้ายไม่มีอาหารน้ำดื่มกินเป็นอาทิตย์แล้วตอนนี้ร่างกายอ่อนเพลียต้องการอพยพโดยด่วน
เอ็นเอสที่แมนชัน, 2/1, หมู่บ้าน บ.นิวสันไทย, ราษฎร์อุทิศ ซอย 4, ถนนราษถนนราษฎร์อุทิศ, ตำบล หาดใหญ่, อำเภอหาดใหญ่

เบอร์ติดต่อ 065002**** หรือ 064674****
ตอนนี้แบตหมดแล้วติดต่อไม่ได้เลย"
196,"#ช่วยหน่อยค่ะ ตอนนี้ติดต่อน้องไม่ได้เเล้วค่ะ อาหารก็ไม่มีค่ะ ล่าสุดเมื่อวานที่คุยคือน้ำถึงชั้น 2 แล้วค่ะ 

ปาณิสรา แก้วเชาค์
บ้านเลขที่9 ซ.6 ถ.บ้านกลางนา ต.หาดใหญ่ อ.หาดใหญ่  (อยู่หลังรร.พาณิชย์) (ซอย7เพชรเกษม) ตรงข้ามแม็กโครหาดใหญ่ที่กำลังสร้าง
ผู้ใหญ่ 5 คน เด็ก 3ขวบ 1 คน
เบอร์ติดต่อ
080585**** เบนซ์
083658**** พร
080870**** เบลว์

พิกัด https://maps.app.goo.gl/CoDY65EDG4UKskMN9?g_st=ipc"
197,มีเป็นคิวอาร์โค๊ดด้วยไหมคะ บางคนก็กดเข้าไม่เป็น  จากที่หนูเข้ากรอกข้อมูลให้ ถ้ามีคิวอาร์โค้ดให้สแกนแล้วเข้าหน้าเว็บได้เลย อาจจะช่วยให้ประชาชนเข้าใช้งานได้ง่ายขึ้นค่ะ
198,"พิกัด ตรงข้าวk&k ท่าเคียน
ตอนนี้ตืดต่อไม่ได้แล้วคะ 
น้ำขึ้นชัน2แล้วคะ อยู่กันหลายคน มีน่องแมวน้องหมาด้วยคะ"
199,"🆘 ถนนสุทธิสมิทธิ์, ซอย 19 ต้องการความช่วยเหลือด่วนค่ะ🆘
⚠️มีผู้ต้องการช่วยเหลือด่วนค่ะ เป็นหอบหือ ร่างกายไม่ไหวแล้ว และเด็กอ่อนค่ะ 1-2 เดือน  ⚠️
📍 บ้านเลขที่ 227ซอย 19 ถนนสุทธิสมิทธิ์, ตำบลหาดใหญ่ อำเภอหาดใหญ่
ซอยตรงข้าม มหาวิทยาลัยเทคโนโลยีข่างกลภาคใต้
🆘ครอบครัวพี่ชาย มี 3 คน พี่ชาย แฟน(อ้วนหนัก100โล) และเด็ก / หลายครอบครัวที่ติดอยู่ตรงนั้น (ผู้สูงอายุและเด็กทารก1-2 เดือนค่ะ 

📍เคลื่อนย้ายคนออกจากพื้นที่ น้ำท่วมสูง
บ้านหลายหลัง มีลูกกรงติดหน้าต่างเป็นบ้านเช่า มีหลายซอย มีหลายครอบครัวค่ะ ชั้นสองไม่สูงมากอยู่บนหลังคาค่ะ ถ้าติดลูกกรงน่าจะออกไม่ได้

เบอร์โทรพี่ชาย(กอล์ฟ) 098-726-****
เบอร์เพื่อนบ้าน 06-5449-**** (โทรติด)
092-360****

https://maps.app.goo.gl/fUjjKLq5FJ5UMLV49?g_st=ipc
(6.9949507, 100.4667403)

ความสัมพันธ์ น้องสาว(ครอบครัว) 064578****"
200,Rung Nanthawanรุ้ง
201,คนรุ่นใหม่ ใช้ IT AIให้เป็นเป็นประโยชน์
202,"ขอความช่วยเหลือค่ะ‼️

ตอนนี้อยู่ที่บันไดหนีไฟของคอนโดพลัส1 ต้องการอพยพไปยังศูนย์อพยพ

บ้านน้ำจะมิดหลังคาเลยลอคอกันออกมาค่ะ
คน15คน แมว15ตัว หมา1ตัวค่ะ 
สัญญาณขาดๆ หายๆค่ะ 
คนที่คอนโดพลัส100+ขาดอาหารและน้ำ บางส่วนต้องการอพยพค่ะ โปรดช่วยพวกเราด้วยนะคะ 
พยายามติดต่อแทบทุกหน่วยงานแล้วค่ะ
หากเข้าช่วยเหลือไม่ได้ ขอเป็นอาหารก่อนก็ได้นะคะ😭

ติดต่อ : 062429**** ต้น"
203,"💢ขอความช่วยเหลือต้องการอพยพ
คนประมาณ 30–40 คน หมู่บ้านสิริมณีโฮม ม.6
ตำบลแม่ทอม อำเภอบางกล่ำ 
จังหวัดสงขลา  
#ประสาน 090719****  เจ
✨📍แจกพิกัดเดินทางมาโครงการ #สิริมณีโฮม คลองแห-นารังนก
GPS: https://maps.app.goo.gl/pwnEVJHbVbxXrsxg8"
204,"🆘ต้องการอพยบขอความช่วยเหลือ🆘

❗️โซนที่อยู่: บ้านเลขที่ 397/14 ม.4 ซอย 6/1 รัฐบำรุง 
https://maps.app.goo.gl/rEgLGNzGz2UwoEho7?g_st=ipc

มีผู้หญิง 3 คนและแมว 3 ตัวต้องการอพยพ (มีผ้าสีเเดงผูกที่ชั้น2) 

ชื่อ: ไอซ์/นุ่น/เเนน
ระดับน้ำ: กำลังขึ้นชั้น 2 
⛔️ต้องการ: อพยพ!!!

ติดต่อ : เบอร์ผู้อพยพ   063242**** ไอซ์
062868**** นุ่น
098808**** แนน

เบอร์ผู้เเจ้ง
062-229-**** (เบอร์ญาติ)"
205,"🆘🆘 รบกวนขอความช่วยเหลือ 🆘🆘
บริเวณ บ้านคลองหวะ  ซอยไกลโศก ปากซอยมีโฮมโปรอยู่ค่ะ 
มีคุณยายอายุ 85 ปี ผู้ใหญ่ เด็กเล็ก 4 คน และยังมีชาวบ้านใกล้เคียงติดอยู่ค่ะ เอาน้ำเอาอาหารไปช่วยก่อนก็ได้ค่ะ ตอนนี้คนตรงนั้นไม่สามารถติดต่อได้แล้วค่ะ
เบอร์ลูกสาวใกล้เคียงที่สุด 
คุณกิ๊ฟ : 083-294-**** ค่ะ
ช่อแก้ว จุลนวล"
206,"🆘️🚨ขอความช่วยเหลือมีคนแก่และผู้ใหญ่ 7คน และมีโรคประจำตัว และหมา2ตัว
1. ชื่อ: ณา
2. เบอร์โทรศัพท์ผู้ประสบภัย : 084-362-****
3.เบอร์โทรศัพท์ผู้แจ้ง : 086328****
4.จำนวนผู้ประสบภัย,อายุ : 73, 70, 67,64 53 ปี
5.ความต้องการ : อพยพไปยังพื้นที่ปลอดภัย และอาหาร
6.พิกัดที่ติดอยู่หรือจุดสังเกต: 84 ถนน คลองเตย-คลองเปล ปากทางเข้าซอย 14 คลองเตย
ตอนนี้น้ำกำลังถึงชั้น2แล้วค่ะ 🙏🙏
7.พิกัด gps (link Location) : 
https://maps.app.goo.gl/4i5kXbt5AecMTYb18?g_st=ipc"
207,"มีผู้สูงอายุรวม6-7คนค่ะ ติดต่อใครไม่ได้
น้ำเข้ากำลังจะท่วมชั้น2ละค่ะ
พิกัด

https://maps.app.goo.gl/iEZyZUMoH3eYpieD6

38​ ถนนร่วมพัฒนา ต.​ คอหงส์ อ.หาดใหญ่ จ.สงขลา

เบอร์ติดต่อ 086-785-****
สำรอง  088-229-****"
208,"🛑ขอความช่วยเหลือ
ซ.6/2 ถ.รัถการ เส้นรพ.หาดใหญ่ มีคนแก่หลายคน เป็นโรคประจำตัว หัวใจ ความดัน และดวงตามองไม่ค่อยเห็น ตอนนี้ติดต่อไม่ได้4วันแล้วน้ำท่วมสูงมากคาดว่าน้ำถึงชั้น2แล้ว
พิกัด 7.021463,100.465524"
209,ขอความช่วยเหลือค่ะ
210,ดีมากๆ
211,"ด่วนที่สุด.  
ด่วนที่สุด
ทั้งหมดทำได้ภายใน 1-2 วัน
สวัสดีครับ ช่วยเอาไอเดียไปแนะรัฐบาลหน่อยครับว่าจะแก้ไขปัญหาสงขลาอย่างไร ด่วนที่สุด
1. กองทัพเรือมีเรือยางจำนวนมาก ระดมทั้งประเทศมาให้ได้มากที่สุด เร็วที่สุด
2. สั่งซื้อเรือและเครื่องยนต์ที่มีพร้อมจำหน่าย 500 -1,000 ลำ พร้อมรับสมัครผู้มีความชำนาญในการขับเรือ
3. แบ่งเขตรับผิดชอบแต่ละลำ โดยแต่ละลำมีคนพื้นที่นำทางด้วย 1 คน

**เงินรัฐบาลมีร้อยล้านพันล้านก็จ่ายไปแถอะครับ ทุกเรื่องต้องทำด่วนที่สุด"
212,"🆘 ต้องการ อพยพ  ในบ้านมีคนแก่ ชาย ติดอยู่ ไม่มีน้ำ ไม่มีอาหาร ไฟฟ้า  ติดต่อไม่ได้ 2 วันลูกเป็นห่วงมากค่ะ

181, ถนน โชคสมาน 5, ตำบล หาดใหญ่
ตำบลหาดใหญ่, อำเภอหาดใหญ่, จังหวัดสงขลา
เบอร์ 081698****
พิกัด  7.016009,100.465262

อยู่ตรง รพ หาดใหญ่ 🆘"
213,"🆘ขอความช่วยเหลือค่ะ 🆘 

⚠️69 รัตนอุทิศ ซอย5 อ.หาดใหญ่ จ.สงขลา (เขต8)

อาผู้หญิงติดอยู่คนเดียว 
ติดอยู่ในบ้าน 5 วัน

📌กอไท 
(ปวริศา ชนะไกรสิน)
090-997-**** 🙏🏻
ชื่อผู้ประสบภัย ล่าสุดติดต่อไม่ได้

หมุด
https://maps.app.goo.gl/hEYx3X3pbEu8uv5i9?g_st=ipc"
214,ต้องแก้ยังไงคะ
215,"🆘ขอความช่วยเหลือด่วนค่ะ!!!ต้องการอพยพด่วน

📍อาคารพาณิช 3 ชั้น 227 ถ.พลพิชัย ต.หาดใหญ่ อ.หาดใหญ่ จ.สงขลา
หน้าประตูทางเข้าประปา
ตอนนี้หนีอยู่ชั้น 3แล้วน้ำสูงขึ้นเรื่อย ๆ #นักศึกษา 8 คน06-3037-****

#ติดอยู่ 6 วันแล้ว ไม่มีไฟ ไม่มีไรกิน🥹"
216,"🚨ขอความช่วยเหลือค่ะ🚨
🆘🆘🆘🆘🆘🆘🆘🆘🆘
มาช่วยฝั่งนี้บ้างครับ 4วันแล้วยังไม่มีหน่วยงานไหนเข้ามาเลย 
น้ำจะถึงชั้น ที่2 แล้วครับผมอยู่หมู่บ้านหาดใหญ่ซิตี้
มีคนทั้งหมู่บ้านรวมทั้งผมและภรรยาด้วยคับ บ้านเลขที่ 460 / 18 บ้านหลังที่ 24 หมู่ที่2 ถนนเพชรเกษม 38 ตำบลควนลังอำเภอหาดใหญ่ 90110
นายกะฑาวุธ พรหมชูแก้ว (ตูม)
098670****"
217,"🆘‼️เคสด่วนเด็ก1ขวบและผู้สูงอายุ🆘‼️

4ชีวิตขาดการติดต่อติดอยู่ภายในบ้านโซนหน้าวัดศรีสว่างวงศ์(วัดเกาะเสือ) ต้องการอพยพน้ำถึงชั้น2แล้ว

https://maps.app.goo.gl/CVsPkfCaj8jyaW1F9?g_st=ipc

🙏ขอความช่วยเหลือด้วยนะคะ🙏

086969**** ☎️"
218,"❗️❗️ขอความช่วยเหลืออพยพด่วนค่ะ
มีเด็ก 2 ขวบและคุณแม่ กับคนแก่2คน ติดอยู่ในบ้านสองชั้น น้ำถึงชั้นสอง ชุมชนทุ่งส้ม ต้องการขอความช่วยเหลืออพยพย้ายคนออกโดยด่วน 
โทรกลับมาที่ 084199**** ❗️❗️"
219,"ต้องการอพยพ 4 คน
75/19 ถ.นิพัทธ์สงเคราะห์ 4 (หลังแบงค์ชาติ)
https://maps.app.goo.gl/nTjoH7gUi4yZ8dV79
ตรงข้ามจุดปักหมุด GPS หสม.หาดใหญ่ เซฟตี้ ไฟร์
ช่วยด้วยครับ"
220,"🆘ขอความช่วยเหลือค่ะ ติดต่อไม่ได้ตั้งแต่ วันที่ 23/11/68ค่ะ 

นางสาวธิดารัตน์สุขมี แบม แบม 087570**** ผู้ประสบภัย

221 ซ.18 (รัตนอุทิศ) ต.หาดใหญ่ อ.หาดใหญ่ จ.สงขลา 90110
ขอบคุณพื้นที่ค่ะ"
221,ในความเป็นจริงทีมกู้ภัย ไม่มีแผนที่หน้างานให้ช่วยเหลือคน น้ำท่วมสูงมันมองไม่ออกว่าอันไหนบ้านใครอันไหนถนนเลยค่ะ อยากให้พัฒนาทำแผนที่ในลักษณะสมมุติเหตุการณ์น้ำท่วมไว้ด้วยค่ะ ถ้า track gps ตาม แผนที่กับโทรศัพท์ด้วยยิ่งดีค่ะ 🙏
222,"ตอนนี้พี่สาวหนูยังไม่ได้รับการช่วยเหลือ  ❗❗
เด็กเล็ก ผู้สูงอายุ และผู้ใหญ่ รวม10กว่าชีวิต ❗
📌ที่อยู่ ซอย21/1 คลองเตย เข้าไปเกือบสุดซอยมีบ้านจัดสรร 2ชั้น4หลังมีคนติดอยู่ชั้น2ของบ้าน ท้้ง4หลัง มีเด็กเล็กด้วยและมีหลังที่อยู่ตรงกันข้ามมีผู้สูงอายุ2คนติดอยู่ในบ้านด้วย ส่วน โทรศัพท์ทุกคนกำลังจะหมดแบต
ขอความช่วยเหลือช่วยพาอพยพออกนอกพื้นที่ด้วยค่ะ
เบอร์ติดต่อผู้ประสบภัย
1น้องยิว 087- 888****
               081-145**** 
2 พี่แม็ค 091- 460****
3.พี่เครือ 097-079****
รบกวนทีมกู้ภัยช่วยโทรติดต่อดูนะคะก่อนที่โทรศัพท์เขาจะหมดแบตกันค่ะ รบกวนขอความช่วยเหลือด้วยค่ะ ก่อนระดับน้ำจะท่วมสูงเกินกว่านี้
https://maps.app.goo.gl/gc6qFeV3YTCuxtWW9?g_st=ic

กันจอมพลัง ช่วยสู้ 
ฝันดี - ฝันเด่น ใจถึงใจคนไทยไม่ทิ้งกัน 
Drama-addict 
มทบ.42 ค่ายเสนาณรงค์ หาดใหญ่ สงขลา ผลัด2/52"
223,"อยากขอความช่วยเหลือต้องการอพยพด่วนค่ะ!!
**บ้านเลขที่ 159 โชคสมาน5 ซอย5
พ่อกับแม่ติดอยู่ในบ้านชั้น2 แม่ขาเดินไม่ค่อยได้ด้วยค่ะเพิ่งพักฟื้นหลังจากเส้นเลือดในสมองแตก ยังไม่ถึงเดือนเลยค่ะ
ตอนนี้น้ำท่วมชั้น 2 แล้ว ติดต่อไม่ได้ตั้งแต่เมื่อวานแล้วค่ะ 🙏🏻
เบอร์โทรของหนูเอง 093743****
 https://maps.app.goo.gl/NJkia7tX9WrSDgSN7?g_st=il"
224,"ประกาศแจ้งไปยังทุกหน่วยงานที่เกี่ยวข้อง 

#ต้องการความช่วยเหลือด่วนนนนนน

1 🏘️ พิกัดวงเวียนน้ำพุ เข้าซอยหลังโรงแแรมเพรสสิเด้น (เก่า) อยู่ท้ายซอยหลังร้านควีนแลนด์ บ้านติดกำแพงโรงเรียนเทศบาล 1 เอ็งเสียงสามัคคี   (ยังไม่ได้รับความช่วยเหลือตั้งแต่วันแรก) 

2 🏘️ ถนนรัถการ ซอยหลังโรงพยาบาลศิครินทร์ มีผู้สูงอายุ เด็ก หลายคนที่ยังไม่ได้รับความช่วยเหลือ 

สองบ้านนี้ชั้น 1 จมหมดแล้ว จะขึ้นชั้น 2 แล้ววววว 

3 🏘️ ติดกับโรงเรียนอิสลามฯ ซอยธนาคารกสิกร หาดใหญ่ใน ควนลัง #ติดต่อไม่ได้หลายวันแล้ว

#ทุกบ้านมีเด็กผู้สูงอายุ

#ต้องการความช่วยเหลือด่วนนนนน

#มูลนิธิมิตรภาพสามัคคีหาดใหญ่

#กันจอมพลัง #กันจอมพลังช่วยสู้

#บิณฑ์บรรลือฤทธิ์

#เทศบาลนครหาดใหญ่

#ข่าววันนี้ 26-11-68 

@highlight"
225,"บ้านเลขที่32 ซ.8รัตนอุทิศ ซ.ตัน อ.หาดใหญ ต.หาดใหญ จ.สงขลา
มีผู้ใหญ4คน และเด็กเล็กอีก3คน
ผู้หญิ้ง2คนผู้ชาย2คน ผู้ใหญ่
ผู้ชาย2คนผู้หญิ้ง1คน เด็กเล็ก

098-713-****   086284****"
226,🆘🆘ชุมชนคลองเตย 6  พิกัดศูนย์ประสานงานคลองเตย 6 ต. คอหงส์ อ.หาดใหญ่ สงขลา ขอความช่วยเหลือด่วน  มี กว่า 40 ชีวิตทั้ง เด็ก ผู้ใหญ่  ติดอยู่ชั้น 2 ของหอพัก ชั้น 1 น้ำจมหมดแล้ว ต้องการ การอพยพ ด่วนค่ะ 🆘🆘
227,"🚨ขอความช่วยเหลือด่วนที่สุด 
ชุมชนรัตนวิบูลย์ ซอย 2 เลขที่ 3 น้ำสูงเกือบ 5 เมตร จุดต่ำในเมืองหาดใหญ่ ที่บ้านน้ำเกือบขึ้นชั้น 2 แล้วค่ะ ขอความช่วยเหลือทุกๆหน่วยงาน เข้ามาอพยพให้ด่วนค่ะ ฝนตกหนักมาก มีผู้สูงวัยลายหลังคาเรือนในซอยนั้น ติดต่อ หมิว 095697**** 🙏🏻"
228,"📢🚨 SOS – ประกาศแจ้งเตือน ขอความช่วยเหลือด่วน น้ำท่วม หาดใหญ่ 🚨📢

📍 สถานที่: ถนน นวลแก้ว — ริมคลอง ร.5 — ซอยชำนาญ (หจก.กระแสสินธุ์โยธา)
👥 มี หลายชีวิตติดอยู่ในซอย ไม่สามารถออกมาได้
💧 ระดับน้ำ เพิ่มสูงต่อเนื่อง มีความเสี่ยงมากค่ะ
🙏 ขอความช่วยเหลือเร่งด่วนจากหน่วยงานที่สามารถเข้าพื้นที่ได้"
229,"พรรคประชาชนนี่ทันสมัย ที่สุด   อะไรที่เป็นระบบเอาไปโดยอันดับหนึ่ง 
เอาซะพักอื่นตามไม่ทันเลยนะเนี่ย"
230,ขอความช่วยเหลือด่วน 47/66-67 ถ.นิพัทสงเคราะห์1 ซอย25 ต.หาดใหญ่ อ.เมือง จ.หาดใหญ่ ขาดอาหารและน้ำกิน มีคนแก่ มีโรคประจำตัว คุณตาเป็นโรคหอบ คุณยายเป็นโรคหัวใจ 081516****
231,สุดยอดไปเลยพรรคแบบนี้สิช่วยกันเปลี่ยนแปลงกำจัดจุดอ่อนเก่าๆๆแก่ๆๆไม่พัฒนาไม่ควรมาบริหารอีกต่อกี่ปีๆๆก็ยังท่วมเดิมๆๆ
232,พิมพ์เสร็จ กดส่ง ขึ้น error แล้วค่ะ
233,ไอช์ ติดประสพภัยตรงใหน บอกแบต.ใกล้หมด
234,ร่วมด้วยช่วยกันช่วยประชาชน ด้วยพลังความสามารถที่มีกันค่ะ
235,"‼️ผู้สูงอายุติดในบ้าน 1 คน ค่ะ
บ้านเลขที่ 5 ซอยราษฎร์อุทิศ 3 
(ปากซอยเป็นธนาคารกรุงไทย บ้านหลังที่ 3 ซ้ายมือ)
ติดต่อไม่ได้หลายวันแล้ว ต้องตะโกนเรียกเท่านั้น

062651****"
236,ขอความช่วยเหลือด่วนๆค่ะ...พิกัด..13/1 ถ.ทิพรัตน์  อ.หาดใหญ่  มาจากต่างจ.เพื่ออบรมเทสฝีมือแรงงาน  ตัดน้ำตัดไฟ ต้องหารนัำอาหาร  ได้โปรดเมตตาด้วยเถิด....
237,คนรุ่นใหม่ทำอะไรต้องมีแบบแผนไม่ใช่แค่สร้างภาพ
238,"บริเวณนิวส์ลูกแก้ว อพาทเมนท์ 17 ซอยบุญราช ถนนสามชัย อำเภอเมืองหาดใหญ่ 
ไม่มั่นใจว่าตอนนี้มีคนเข้าไปให้การช่วยเหลือเรื่องอาหารและน้ำหรือยังนะคะ เพราะตอนนี้ขาดการติดต่อกับคนที่บ้าน ที่ติดอยู่ภายในอาคารแล้ว
ผู้แจ้ง 063181**** ปาย"
239,ขอให้ปลอดภัย
240,ระบบเน็ตมือถือใช้งานไม่ได้เลยครับสัญญาณอ่อนมากตอนนี้ เป็นทุกค่ายสัญญาณ
241,"ผมไม่ได้อยู่ในพื้นที่  หาดใหญ่และจุดอื่นที่น้ำท่วม ในภาคใต้  
    ไม่ว่าจะเกิดจากอะไร  ไม่อยากโทษกัน    “ต้องทำให้น้ำลดควบคู่กับการช่วยคนที่ติดตามบ้านออกมาจุดปลอดภัยทุกคน  ก่อนอันดับแรก  ”
   แต่ทราบจากสื่อ ว่าสภาพหาดใหญ่เป็นแอ่ง  มีภูเขาขนาบสองข้าง  น้ำไหลขึ้นเหนือเพื่อลงทะเลสาบ  
  ทราบอีกว่ามีการทำคลองเบี่ยงน้ำไม่ให้เข้าเมือง  ทั้งสองข้าง  น้ำอาจจะเต็มคลองแต่ลงทะเลช้า  กว่าน้ำฝนที่ลงมา  
    เพราะมีการตัดถนนหลายเส้น  มีถนนวงเเหวนเพื่อขยายเมือง ด้วย  ถ้าน้ำขึ้นตบอดโดยไม่ลด มันเหมือนน้ำมาแล้วออกช้าหรือออกไม่ได้  
   เสนอให้ขึ้นฮอ  บินดูว่าจุดไหน ใกล้ทะเลมากที่สุด  ก็ขุดเปิดทางตรงนั้น  ถ้าเป็นที่เอกชนก็้เจรจา เพื่อขอขุดและจ่ายค่าชดเชยให้   น่าจะมีทางนี้ที่จะทำให้น้ำลดลงเร็ว  และถ้ามีฝนลงมาทั้งที่หาดใหญ่ และอำเภออื่น อีก  การระบายจะได้สมดุลกัน   
   ขออนุญาตออกความเห็นครับ 
     อยากช่วยแต่อยู่ไกลมาก( พิษณุโลก  )  เห็นสภาพประชาชนที่ประสบภัยแล้วสะเทือนใจครับ  
    เขตเศรษฐกิจสำคัญด้วย #น้ำท่วม  
# ภาคใต้  # หาดใหญ่"
242,Morn Tasacha  อีกช่องทาง
243,"ขอความช่วยเหลือค่ะ🥺🙏🏻 ตอนนี้น้ำจะถึงชั้น2แล้ว มีผู้หญิงติดอยู่2 คน เป็นผู้ป่วยสูงอายุติดเตียง1คนค่ะ รบกวนเข้าไปช่วยหน่อยนะคะ เรือเล็กไม่สามารถเข้าไปได้

พิกัดเลยทิพย์ผการีสอร์ท 50 เมตร บ้านหลังแรกติดบ้านร้าง 

พิกัดทางเข้า โทปาสรีสอร์ทเก่า (ถนนเส้นขนาน ลพบุรีราเมศว์ หรือ ก่อนถึงโรงไฟฟ้า คลองแห 

🙏 มีคนรออยู่หน้าทางเข้าค่ะ🥺

063616****,   061351****"
244,#ประกาศตามหา  ถึงทุกหน่วยงานภาครัฐและเอกชน  พอดีน้องชาย ขาดการติดต่อมาเป็นเวลา4วันแล้ว  น้องพักอยู่32 ถนมกุโบร์  ซอย.สามพี่น้องอ.หาดใหญ่ใน หากหน่วยงานไหนพบเจอน้องในรูป 3 คนนี้กรุณาติดต่อกับเบอร์ 064003****  064313****  080635****
245,"🆘 #ติดน้ำมาสามวันแล้ว ตอนนี้ยังคงขอความช่วยเหลืออย่างต่อเนื่องค่ะ ซอย 9 ซอยในสุด ยังมีคนติดอยู่บนหลังคา ตอนนี้น้ำยิ่งเพิ่มขึ้นเรื่อยๆเลยค่ะ 🆘

1. ชื่อ ปอ ที่อยู่ หมู่บ้านพฤกษาวิลล์3 บ้านเลขที่ 236/88 ซอย 9 ถ.บ้านพรุธานี ต.บ้านพรุ อ.หาดใหญ่ จ.สงขลา 
2. เบอร์โทร : 065395**** (ปอ)
                     084996**** (เกมส์ )
3. ต้องการอพยพ บ้านเดี่ยวชั้นเดียว ตอนนี้น้ำใกล้หลังคาแล้ว คนติดอยู่บนฝ้าเพดาน
4.ในบ้าน 2 คน 

🛶วิธีการเดินทาง : เข้าหมู่บ้านพฤกษาวิลล์ ตรงสุดซอย จากนั้นเลี้ยวขวา แล้วตรงให้สุดซอยหลังที่สอง ถัดจากริม"
246,"ขอความช่วยเหลือด้วยครับ ❗️❗️❗️❗️
บ้านเลขที่ 18 ซอยทองวงค์อุทิศ  ต.หาดใหญ่ อ.หาดใหญ่ จ.สงขลา 90110
ใกล้โรงพยาบาลกรุงเทพหาดใหญ่
มีเด็ก 3 ผู้สูงอายุ 2  ต้องการอาหารเเห้งกับน้ำดื่ม 092128**** เรือเข้ามาไม่ได้ 
น้ำมันเชี่ยวเเรง"
247,รบกวนฝากเคสบ้านเลขที่นี้ด้วยนะคะพี่ติดต่อน้องไม่ได้เลยค่ะ 53/18ซอย9/1หมู่4คลองแห ต.คลองแห อ.หาดใหญ่ จ.สงขลา 088504****
248,Pookpick Wachirarat ของพี่แพร น้องเค้าลงให้ยัง
249,"ธงชัย เอตทัตควณิชกุล  081-690**** 
97/1 ซ.ประชารักษ์ ถ.แสงศรี หลังวัดถาวร (เป็นห้องแถว น่าจะอยู่กันบนชั้น 2 มีระเบียง)

ติดต่อได้ล่าสุดคือวันเสาร์ 22 พ.ย. 2568
ติดอยู่ 4 คน มีคนแก่อายุ 92 ช่วยเหลือตัวเองไม่ได้"
250,ผู้ประสบภัย นายธเนศ จันทร์วงศ์ บ้านเลขที่ 41/17 ถ.ศรีภูวนารถใน ต.หาดใหญ่ อ.หาดใหญ่ ตรงสี่แยกช่างกล เป็นร้านตัดผม ชื่อร้านมายด์เฟรน อยู่ติดร้านขายผ้าม่าน อยู่ตรงบริเวณสี่แยกช่างกลเลย ไม่มีอาหารกินมา 2 วันแล้วครับ ติดต่อไม่ได้ อยู่คนเดียวด้วยครับ ขอความช่วยเร่งด่วนครับ
251,Somporn Gompper พรมาลงรายละเอียดพี่สาวที่นี้
252,ระบบสำคัญมาก การกระจายเข้าช่วยเหลือก็จะง่ายขึ้นและแน่นอนขึ้น...ที่จริงรัฐบาลต้องทำ ไม่ใช่ไปแย่งทำกับข้าวแจก..อีกอย่างนายกผัดข้าวออกสื่อเลิกได้เลิกเถอะไม่มีประโยชน์
253,สุดยอด
254,เยี่ยม
255,พรรคประชาชน สงขลา ถ้าเป็นไปได้รบกวนตอบกลับคนที่ขอความช่วยเหลือหน่อยครับว่าช่วยอะไรได้มั๊ย หรือรับเรื่องส่งต่อให้แล้ว พวกเขาจะได้รู้ว่ามีคนรับทราบสิ่งที่เขาแจ้งมาแล้ว
256,เมื่อ พึ่งพารัฐบาลไม่ได้
257,ช่วยด้วยค่ะ ติดต่อแฟนไม่ได้4วันแล้ว ปกติบ้านเขาไม่ค่อยตุนของกินด้วย สั่งแต่เดลิเวอรี่
258,"อัพเดต 17.00 น.
25/11/68
ยังไม่มีหน่วยงานเข้าไปช่วยเหลือ

ขอความช่วยเหลือ​ค่ะ
เพื่อนยังติดอยู่ในบ้าน
ตั้งแต่เช้า 24 พ.ย.
ทางญาติแจ้งหน่วยงานไปแล้วตั้งแต่เมื่อวาน
ยังไม่มีหน่วยงานใดไปช่วยค่ะ

ขอความช่วยเหลืออพยพ
หรือเอาน้ำและอาหารไปให้ก็ยังดี
 #น้ำท่วมหาดใหญ่

บ้านเขต 8
บ้านเลขที่ 38/46 ราษฎร์​อุทิศ​ ซ.8
หลังโรงแรมสีลม ซ.ติดกับเคหะ
ติดอยู่ด้วยกันหลายครอบครัว
น้ำจะขึ้นชั้น 2 แล้ว
ไม่มีน้ำไฟและอาหาร
แบตมือถือกำลังจะหมด

ติดต่อ กุ่ย โทร 062330**** (สัญญาณ​มีบางช่วง)​
ลิ้ง โทร 064839**** (ญาติ)​
084197****

https://maps.app.goo.gl/kaXVcXE16tdGtiYK6?g_st=al

ใครมีช่องทางช่วยได้ ช่วยหน่อยนะคะ
กรอกข้อมูล​ทุกเวบ
แชทไปทุกเพจ
โทรติดต่อตามเบอร์ที่ราชการให้ไว้ไม่ได้เลยค่ะ"
259,"Phachara Nittanasran
📌📌ขอความช่วยเหลือครับ
หมูู่บ้าน บ้านเลขที่ 350 แถวหมู่ที่ 1 ต.ควนลัง ริมคลอง ร.1 น้ำท่วมหนักติดกันหลายวัน ยังไม่มีหน่วยงานใดเข้าถึงหรือช่วยเหลือในพื้นที่ โทรไปประสานหน่วยในพื้นที่ไม่มีการรับสายเลยครับ
ตอนนี้น้ำเพิ่มสูงขึ้นเรื่อยๆ ฝากหน่วยงานที่เกี่ยวข้องเข้าไปช่วบเหลือพื้นที่ตรงนี้ด้วยครับ ต้องการอาหาร-น้ำดื่ม เข้าไปช่วยในพื้นที่บริเวณนั้นครับ
เบอร์คุณแม่ 086-697****
เบอร์ผู้แจ้ง 087-631**** 📢📢"
260,รออีกนิส..ไอโอ..สแกมทั้งหลาย
261,"🆘 ขอความช่วยเหลือเพื่อนร่วมงานของผมด้วยครับ 🆘

1. คุณธรรมราช (เดฟ) โทร 090406****
- ที่อยู่ หอพักแก่น-กมล-อพาตเมนต์ หอพักหลังร้านริมรั้วกะทะร้อน (คลอง ร.5)
- location
https://www.google.com/maps/place/7%C2%B001'57.8%22N+100%C2%B029'22.9%22E/@7.032727,100.4871081,17z/data=!3m1!4b1!4m4!3m3!8m2!3d7.032727!4d100.489683?entry=ttu&g_ep=EgoyMDI1MTEyMy4xIKXMDSoASAFQAw%3D%3D

2. คุณอาภร หมวดเก้า โทร 086955****
- ที่อยู่ ซอยตรงข้ามบิ๊กซีคลองแห (ซอย ลพบุรีราเมศวร์ 13)
- location
https://www.google.com/maps/place/7%C2%B002'11.9%22N+100%C2%B027'52.8%22E/@7.035442,100.4637372,18z/data=!4m4!3m3!8m2!3d7.0366422!4d100.4646786?entry=ttu&g_ep=EgoyMDI1MTEyMy4xIKXMDSoASAFQAw%3D%3D

3. คุณภาณุ โทร 087287****
- ที่อยู่ เข้าไปทางหาดใหญ่วิลเลจ (น่าจะใกล้ๆโซนคลอง ร.5)
- location 
https://www.google.com/maps/place/7%C2%B001'51.2%22N+100%C2%B029'44.3%22E/@7.030893,100.495637,17z/data=!3m1!4b1!4m4!3m3!8m2!3d7.030893!4d100.495637?entry=ttu&g_ep=EgoyMDI1M

4.  คุณมูศอฟภัร (พัฒน์) โทร 061184**** 
- ที่อยู่ บ้านเลขที่ 67/48 หมู่ 5 ตำบล คลองแห อำเภอ หาดใหญ่ จังหวัด สงขลา 90110
- location ยังไม่ได้รับการติดต่อกลับมา คาดว่าสัญญาณโทรศัพท์ไม่ค่อยดี"
262,"หลังวัดใหญ่ใน ยังไม่ได้การช่วยเหลือเลยครับ 
🆘อัพเดท เมื่อเช้า ตอนนี้ติดต่อไม่ได้แล้ว ยืนแช่น้ำทั้งคืน  🆘
🙏🏻ติดอยู่ ไม่มีอาหารไม่ที่บังฝน จะเข้าวันที่ 4 แล้วครับ ต้องการ อพยพด่วนครับ 
‼️ตอนนี้น้ำขึ้นหลังคาขึ้นมาถึงเอวแล้วครับ ‼️
ควนลัง ซอยสามสกุล ซอย4 หลังวัดหาดใหญ่ใน 
มีเด็กเล็กไม่ถึง 1 ขวบ กับ 5 ขวบอยู่กัน 20 คนครับ 

ติดต่อหน่วยงานไหนไม่ได้เลยครับ 

#ต้องอพยพด่วน #น้ำท่วมหาดใหญ่
#ยืนแช่น้ำทั้งคืน
ผู้ประสบภัย 084-442**** แบตอาจจะหมดแล้ว 
ฝันญาติ 087-969****
ฟู ลูกชาย 089-462****

https://maps.app.goo.gl/HZGLKjV1rKUBzKiU7"
263,สิ่งที่รัฐบาล หน่วยงานจังหวัด ควรมี
264,ขอบคุณ
265,"นิพัธสงเคราะห์ 1,2,3,4 หลังญว หลังแบงค์ชาติ ไม่มีใครเข้าไปเลยค่ะ หลายบ้านหิวมากๆ อาหารหมดแล้ว ถ้าเอาเราออกไม่ได้ โยนของกินให้หน่อยได้มั้ยคะ ขนมปังก็ได้"
266,นี่แหละครับทำงานต้องมีศูนย์กลางไม่อย่างนั้นช่วยกันสะเปะสะปะเข้าถึงจุดที่คนต้องการช่วยเหลือญาติและช่วยออกมาไม่รู้จะเอาไปไว้ตรงไหนถ้าเรามีศูนย์ข่าวที่ดีการทำงานจะง่ายสุดยอดมากครับ
267,"🚩🚩ขอความช่วยเหลือหน่อยค่ะ พี่ติดอยู่ในบ้านชั้น 2 มา 2 วันแล้ว ไม่มีน้ำ ไม่มีอาหารแล้ว 
ถนนนิพัทธ์สงเคราะห์ 5 ซอย 3 และมีอีกหลายคนที่ติดในซอยค่ะ ยังไม่ได้รับการช่วยเหลือค่ะ

เบอร์โทรติดต่อ 080452****
063542****"
268,ทำงานให้เป็นระบบแบบนี้ ไม่ใช่ไปผัดข้าว
269,"🆘🆘🆘 ขอความช่วยเหลือหน่อยค่ะ 🆘🆘🆘
#พิกัดท่าเคียน ซอย9 สุดซอยเลี้ยวซ้าย บ้านหลังสีขาว 3 ชั้น น้ำเริ่มสูงขึ้นเรื่อยๆ
มีเด็ก 2 ขวบ และคนแก่ 
พิกัด 

https://maps.app.goo.gl/hwnbVcuJbbgbr4Pn7?g_st=ipc

087-766**** , 084-995****"
270,"ต้องการอาหาร น้ำดื่ม อพยพ 
ที่อยู่ 16 นิพนธ์สงเคราะห์ 5 ซอย 11 หลังวัดเกาะเสือ
ชื่อนายชลันธร วสุสิริชัย ผู้ใหญ่3 1ในนี้ติดเตียง"
271,รวดเร็วมากๆครับ
272,SOS 🆘 โปรดรอพยพด่วน (เขต 8) เลขที่ 219 ซอย 14 ถ.รัตนอุทิศ คนแก่ 70+ เด็ก รวม 3 คน ประตูเปิดไม่ได้ ต้องอ้อมระเบียง ด้านหลัง ถัดซอย ขาดอาหาร น้ำ แบตหมด ติดต่อไม่ได้ 4 วัน ขอความอนุเคราะห์ 🙏
273,ขอให้ทุกคนปลอดภัย ครับ🧡
274,"🆘ต้องการอพยพค่ะ 🆘
>>พิกัด
หมู่บ้านเจริญทรัพย์ ถนนกาญจนวนิช ซอย 6 ต.คอหงส์ อ.หาดใหญ่ จ.สงขลา
- ในบ้านมีทั้งหมด 4 คน (ผู้สูงอายุ 2 คนมีโรคประจำตัวโรคหอบและโรคไต)
>>เบอร์ติดต่อ
085-896****  เบญจพล
095669****  อมรรัตน์
095292****  อาระเบีย"
275,ภาวนาให้ สถานการณ์น้ำท่วมดีขึ้นโดยเร็ววัน..และขอให้ทุกคนปลอดภัย ด้วยความเป็นห่วงครับ 🧡..สู้ สู้นะครับ ✌🏼✌🏼😔
276,"🆘ขอความช่วยเหลือ อพยพด่วนมากก!!!

ไม่มีไฟ น้ำ ข้าว มา 5 วันแล้ว
#ยังไม่มีหน่วยงานเข้าช่วยเหลือ 

📍อาคารพาณิช 3 ชั้น 227 ถ.พลพิชัย ต.หาดใหญ่ อ.หาดใหญ่ จ.สงขลา
หน้าประปา ประตูตูทางเข้าประปา

#นักศึกษา 8 คน  ติดต่อไม่ได้แล้วตอนนี้
#26/11/68"
277,เท้ง และ แคนดิเดตนายกอีกสองคน ต้องลงหาดใหญ่โดยด่วน เสนอหน้าหน่อย
278,"#ขอความช่วยเหลือ
- มีคนแก่เป็นผู้ป่วยติดเตียงอายุ90ปี แล้วก็ผู้หญิงอีก 2 คนรวมเป็น 3 คนติดอยู่ชั้น 2 มา3วันแล้ว
- พิกัด 195 ถนนโชคสมาน 5 ซอย 7
- ติดต่อเบอร์ 095434****"
279,"‼️‼️‼️ขอความช่วยเหลือ คุณยายลี (78ปี) ติดอยู่คนเดียว ขาดแคลนของกินด่วน‼️‼️‼️

บ้าน 2 ชั้น เลขที่42 ซอย 13 (ซอยกิฟฟารีน) ถนนเพชรเกษม ( เขต 2 ) หาดใหญ่
เบอร์ติดต่อ 096414****, 089734****"
280,ทีแบบนี้คนแชร์น้อย มีประโยชน์ขนาดนี้
281,"ขอพรรคอีก 2,3 อย่าง เรื่องนโยบาย ต้องเพิ่ม เรื่องน้ำ เรื่องฝุ่น เรื่องแล้ง หน่อยนะ"
282,"🆘🆘🆘ขอความช่วยเหลือด่วน!!!

พี่ที่ทำงานติดอยู่ที่หอพัก
📌📌📌 พิกัด : โกลเด้นคอร์ท หาดใหญ่ แถวโรงเรียนสุวรรณวงศ์

ขอข้าวกล่อง น้ำดื่ม อาหารแห้ง ก็ได้ค่ะ ตอนนี้กินน้ำฝน

ไม่ได้กินข้าวมา 5 วันแล้ว มีคนติดอยู่ประมาณ 100 กว่าคน มีคนชราด้วย 🙏🙏🙏"
283,ขอความช่วยเหลือค่ะ 🚨 มีคนติดอยู่กับพระและชาวบ้านประมาณ10-20คน ที่วัดควนลังยังออกไม่ได้ รบกวนช่วยหน่วยนะคะ เบอร์โทรค่ะ 084056**** อ้น นายธีระวัติ ผดุงทอง รบกวนด้วยนะคะ🙏🏽🙏🏽
284,"‼️โซนคลองหวะ‼️
ขอความช่วยเหลือด้วยค่ะ 
หมู่บ้านฉัตรทอง อ.หาดใหญ่ จ.สงขลา คลองหวะ (อยู่หลังโฮมโปร เข้าซ.ไกลโศกข้างโฮมโปร สุดซอยเลี้ยวขวาตรงไปประมาณ 50 เมตร แล้วเลี้ยวซ้าย) ต้องการอพยพคนประมาณ 7 คน สัตว์เลี้ยง 2 ตัว น้ำท่วมต้องออกมาอยู่หลังคาแล้วค่ะ 

🚨ต้องการอพยพด่วน🚨

097145**** (แม้ว) 
081096**** (กี้)"
285,กดขอความช่วยเหลือ ใส่ opt แล้วไปต่อไม่ได้ครับ
286,"🆘ต้องการความช่วยเหลือ🆘🆘 

บ้านเลขที่ 16 ซ.ทุ่งรวงทอง ต.คอหงส์ อ.หาดใหญ่ 
มีเด็ก 1 คน กับ ผู้ใหญ่ 3 คน 
ตอนนี้น้ำจะถึงชั้น สองแล้วต้องการออกจากบ้าน

083656**** แพร"
287,สู้ๆครับ
288,"ชื่อ วรพัฒน์ แก้วสด 
ชื่อเล่น ฟิล์ม
พิกัด 570 ถ.องก์การบริหารส่วนจังหวัด ต.คอหงส์ อ.หาดใหญ่ จ.สงขลา

จุดสังเกต เส้น ม.หาดใหญ่ ทางไปตลาดไข่ทองบ้านพรุ อยู่ก่อนถึง K&K บ้านสองชั้นสีขาวหลังคาเทา

เบอร์ 082266****"
289,ถ้าจะทำดีขนาดนี้ เป็นรัฐบาลเถอะ
290,ไม่ทราบว่ามีใครไปช่วยหรือยังติดต่อได้ล่าสุดตอนเช้า
291,ถ้ามีแบตเตอรี่ ก็ติดต่อได้หละนะ ถ้าไม่มียังไงรบกวนหาทางช่วยเหลือประชาชนชาวใต้ อย่างเร่งด่วนด้วยครับ ไม่ต้องเลือกว่าคือหน้าที่ใคร
292,รัฐบาลยังแบ่งหน้าที่กันไม่เสร็จ ทำเรื่องเอกสารการแต่งตั้ง หน.ผู้ควบคุมสถานการณ์อยู่ ตอนนี้
293,เก่งสุดๆไปเลยดวงใจสัม
294,เห็นแล้วใจหาย มันเยอะขนาดนี้เลยอ่ะ มองภาพรวมให้ออกคือการมองจากจุดเดียวกัน จุดเล็กๆแดงๆ แบบนี้โคตรมีประโยชน์กับการช่วยเหลือเลย
295,"⚠️ ขอความช่วยเหลือครับ
⚠️

‼️ บ้านเลขที่253 ซ.20 รัตนอุทิศ เขต 8 ต.หาดใหญ่ อ.หาดใหญ่ จ.สงขลา ( กำแพงบ้านสีเขียว ใกล้ร้านสเต๊กเจ้าคุณ ) ‼️

🆘 ติดอยู่ในบ้าน 5คน มี เด็ก 1 ผู้สูงอายุ 2 ผู้ใหญ่ 2  ครับ 🆘

📞 080-520**** โต้ง (ผู้ประสบภัย)"
296,กระทรวงที่มีคนเก่งๆทำอะไรบ้างปรึกษาฝ่ายค้ายบ้างก็ได้อย่ากลัวเสียหน้า
297,ยังใช้ระบบไม่ได้
298,"มีผู้ติดค้างอยู่ในบ้านเลขที่ 322 ซ.ไทยสมุทรถ. นิพัทธ์สงเคราะห์ 5 ตำบลหาดใหญ่ อำเภอหาดใหญ่ จังหวัดสงขลา จำนวน 2 คน
- นางนริน เมธาปรีชากุล อายุ 80 ปี (ป่วยเป็นอัลไซเมอร์ ไม่สามารถช่วยเหลือตนเองได้ )
- นายประยูร เมธาปรีชากุล อายุ 55  ปี ต้องการความช่วยเหลือ
***สถานะต้องการความช่วยเหลือด่วน ระดับน้ำ ท่วมชั้น 2 ของบ้าน ขาดอาหารและน้ำ"
299,ถ้ายังเลือกพรรคแบบเดิมๆกันอยู่ กุไม่รู้ว่าไงละ
300,มึงต้องลงไปช่วยเค้า
301,เอาใจช่วยทุกคนครับ
302,Joice Chotiga ลงอันนี้ยัง
303,"บ้านเลขที่ 1 ซ.หมู่บ้านสุธาทิพย์ 9 ต.คอหงส์ อ.หาดใหญ่ จ.สงขลา 90110 

เบอร์โทร 063-612**** , 093-691**** 

ติดอยู่ในบ้าน 2 คน แม่กับน้องชาย และสุนัขอีก 1 ตัวครับ
https://maps.app.goo.gl/6oUvK6BnqUJWkVvS8?g_st=ipc"
304,นี่แหละ ปฏิบัติการจริงที่มีประสิทธิภาพในการช่วยเหลือประชาชน..พรรคส้ม ช่วยสอน รบ ด้วย..พรรคส้ม ทำได้จริง
305,"#ขอความช่วยเหลือ
- ผู้ใหญ่ 2 เด็ก 1
- 18 ทุ่งรวงทอง ซอย 1 คอหงส์ หาดใหญ่ สงขลา
- เบอร์ติดต่อ : 082-484-****"
306,"ขออนุญาตใช้พื้นที่กระจายข่าวช่วยเพื่อนค่ะ
#น้ำท่วมหาดใหญ่
อัพเดท 25/11/2568 10:00 น. (ติดต่อน้องได้ล่าสดตอน 11:00 น. ไม่รู้ว่าตอนนี้น้องเป็นยังไงบ้างเลยค่ะ)

ที่อยู่ 69/1 คลองเรียนสอง ซอยสาม ต.หาดใหญ่ อ.หาดใหญ่ จ.สงขลา
เบอร์โทร 087726**** น้องเวียร์
(ตอนนี้แบตน้องน่าจะหมดหนูโทรติดต่อไม่ได้เลยค่ะ)

  น้องเราติดอยู่ชั้น 2 น้ำกำลังเพิ่มขึ้นสูงเรื่อย ๆ ค่ะ เสบียงเหลือน้อยมาก ๆ ไฟฟ้าดับ สัญญาโทรศัพท์ไม่ดี แบตโทรศัพท์เหลือน้อยค่ะ การติดต่อสื่อสารค่อนข้างยากและโดดจำกัดค่ะ ในบ้านมีกัน 6 คน ไม่แน่ใจว่าละแวกนั้นมีใครที่ยังไม่ได้อพยพออกมาด้วยหรือเปล่าค่ะ เนื่องจากติดต่อน้องไม่ค่อยได้ เลยมีข้อมูลค่อนข้างน้อยค่ะ
    ตอนนี้ยังไม่มีหน่วยงานไหนเข้ามาให้ความช่วยเหลือเลยค่ะ ฝากเพื่อน ๆ พี่ ๆ น้อง ๆ ช่วยแชร์ ให้ผู้มีจิตอาสาและหน่วยงานที่เกี่ยวข้องเข้ามาช่วยเหลือทีนะคะ"
307,รู้ยังว่าควรเลือกใครเข้าไปเป็นรัฐบาลหน้า พวกเต่าล้านปีสัเทาเอาแต่ตำแหน่ง หรือรุ่นใหม่ไฟแรงรู้ทันเทคโนโลยี กล้าชนทุกความอัปรีย์.
308,ด่วน!!
309,รบกวนช่วยเหลือ  อาหาร น้ำดื่ม ให้นักเรียนหญิง จำนวน 4 คน ที่หอพักหญิงอุ่นใจ  เลขที่  54/38 ถนนนิพัทธ์สงเคราะห์ 3 ซอย 1  หลังศูนย์บริการโตโยต้าพิธาน ข้าง โรงเรียนหาดใหญิวิทยาลัย (  081-767-****  วีระชัย:   ผู้แจ้งครับ)
310,อัพเดทผู้รอดชีวิตในศูนย์พักพิง จากการอพยพ ได้ด้วยก็ดีนะคะ ญาติๆที่รอฟังข่าวได้อุ่นใจ
311,"รบกวนทีมอพยพหรือผู้ที่อยู่ใกล้พื้นที่ ช่วยตรวจสอบและอพยพ คุณพ่อและคุณแม่ ด้วยนะคะ

🚨ขณะนี้ ยังไม่มีหน่วยงานเข้าช่วยอพยพ และไม่สามารถติดต่อพ่อและแม่ได้ เนื่องจากท่านไม่มีสัญญาณโทรศัพท์ และไม่ทราบว่าสถานการณ์น้ำในพื้นที่ถึงระดับไหนแล้วต้องการความช่วยเหลือด่วน คาดว่าหากระดับน้ำเพิ่มสูงและระบายไม่ทันหลายวัน จะขาดอาหารและน้ำดื่ม 

📍ที่อยู่:
บ้านเลขที่ 11 จันทร์นิเวศ ซอย 3
ตำบลหาดใหญ่ อำเภอหาดใหญ่ จังหวัดสงขลา

พิกัด:
https://maps.app.goo.gl/yC1iPapfxXN9enMK9?g_st=ipc

รบกวนผู้เกี่ยวข้องหรือผู้พบเห็นในพื้นที่ช่วยประสานงานด้วยนะคะ ขอบคุณมากค่ะ"
312,เข้าไม่ได้คับ😭
313,Jip Thiansilakul ลองดูเจ้
314,Khaw JJ ลงข้อมูลไว้นะคะ
315,⚠️🙏🤍
316,"🆘 ต้องการความช่วยเหลืออพยพออกจากพื้นที่ครับ 🆘
พิกัด ร้านข้าวต้มน้องเปรียวเขต8 สาขา1 ถนน ราษฏร์อุทิศ ตรงข้ามร้าน บุฟเฟ่ต์ริมน้ำกะทะร้อน
คนในบ้าน: 4 คน
ระดับน้ำ: ติดอยู่ชั้นที่ชั้น 2 ในตัวบ้าน
จุดสังเกตุ : อยู่ตรงข้ามร้าน บุฟเฟ่ต์ริมน้ำ กะทะร้อน
⛔️ต้องการ: คนออกจากพื้นที่หรือไปสนามบินหาดใหญ่
ติดต่อ: 088295**** ผู้ประสบภัย
089876**** ผู้ประสบภัย
085129**** ผู้แจ้ง (ญาติ)
https://maps.app.goo.gl/7qvi5S1gsxkJVqSA7?g_st=ipc"
317,เจ๋งอะ
318,"📢 ต้องการอพยบโดยด่วน‼️
📍พิกัด : บ้านเลขที่ 9 ซอยม่วงหวาน ต.ควนลัง อ.หาดใหญ่ (ซอยสุดท้ายของหมู่บ้านลัดลานิเวศน์ หลังคิวรถตู้ตลาดเกษรตหาดใหญ่ใน)
สมาชิก 👫: ทั้งหมด 10 คน
มีคนแก่เด็กและคนพิการ และบริเวณใกล้เคียงมีคนที่ต้องการอพยพไม่ทราบจำนวน ประมาณ 20 คน
😔 ญาติติดต่อมาแจ้งว่ายังไม่มีหน่วยงานไหนเขามาช่วยเหลือ 
🙏🏻 062062****"
319,พรรคส้มลุย
320,คลองหวะข้างประตูหลังโฮมโปรมีผู้ป่วยขาติดเชื้อออกไม่ได้ถ้ายังไงขออาการและนำ้บ้างก็ยังดีผู้สูงอายุทั้งหมดติดอยู่ตั้งแต่วันศุกร์ได้อาหาร1มื้อขอพรรคประชาชนช่วยเหลือหรือประสานหน่วยงานแจกอาหารให้หน่อยคะบ้านก็ไม่มีระเบียงช่วยหน่อยคะ🧡
321,"ฝากแคช​ หน่อยครับ​ ริมคลองร.5 บ้านเลขที่138 ซอยหมู่บ้านนิพัทธ์แลนด์ ต.คอหงส์ อ.หาดใหญ่ จ.สงขลา 
https://maps.app.goo.gl/Xc14qFvCsAA5na317นาง ธันสินี นาทอง อายุ 68
นางสาวเรณู พรมมี อายุ 65
ด.ญ ธัญฐนัน นาทอง อายุ6ขวบ
ด.ญ นิชานันท์ นาทอง อายุ2ขวบ
ตอนนี้เด็กหิวนมมากค่ะ ไม่มีอาหารด้วยค่ะตอนนี้อาหารไม่มีเลยค่ะ ขอความช่วยเหลือด่วนจริงๆๆค่ะ
095624****  ลูกสาว"
322,"รบกวนช่วยประสานงานช่วยเหลือด่วนค่ะ🙏
บ้านตามลูกศร ติดต่อไม่ได้มา 3 วันแล้ว รบกวยหน่วยงานเข้าช่วยเหลือหน่อยนะคะ
#ถนนรัถการ  (อยู่ถัดจากก๋วยเตี๋ยวชามใหญ่)
ในบ้านมีผู้สูงอายุ 1 ผู้ใหญ่ 5 คน หมา 2 ตัว 

เบอร์ติดต่อผู้ประสบภัย : 099-480****
เบอร์ติดต่อผู้ประสาน 085574****"
323,"ขอความช่วยเหลือค่ะ ยังไม่มีหน่วยงานไหนเข้าไปเลยตอนนี้น้ำอาหารหมดแล้วค่ะ มีคนติดอยู่ในบ้าน 5 คนติดต่อไม่ได้แล้วค่ะ
พิกัด https://maps.app.goo.gl/FePWYHqFZtdx6KT79"
324,"🆘ขอความช่วยเหลือค่ะ🚨
พิกัด ถนนอนุสรณ์อาจารย์ทอง 
ร้านสุธีออโต้เเอร์ บ้าน2ชั้น 
น้ำขึ้นสูง ไม่มีอาหาร มี3 คน
095709****"
325,ทำอะไรได้จริงบ้างนะ
326,"รบกวนด้วยนะคะ ผู้ใหญ่ 4 คน ติดอยู่บนชั้น 2 น้ำกำลังจะถึงชั้น 2 ค่ะ
ที่อยู่จะเป็น 94/4 ซอย 8 สัมพันธชิต  (ซอยติดกันกับซอยขจรอุทิศ อยู่ซอยตรงข้ามกับภูภัทราอพาร์มเม้นท์) ตำบลควนลัง อำเภอหาดใหญ่ จังหวัดสงขลา
ตอนนี้ติดต่อพ่อกับแม่ไม่ได้แล้วค่ะ แบตน่าจะหมดแล้วค่ะ
084-056**** กู้ด"
327,"🚨รบกวนขอความช่วยเหลือด้วยครับ 🙏
#คลองเรียนหาดใหญ่ #น้ำท่วมหาดใหญ่
ต้องการอพยพไปศูนย์พักพิง 
ขาดแคลนอาหาร
ตอนนี้ระดับน้ำกำลังจะขึ้นชั้น 2
ทั้งหมด 7 คน ผู้สูงอายุ 5 คน 
เด็กทารก 1 เดือน 1 คน 
ผู้ใหญ่ 1 คน

ที่อยู่ 31/17, 31/16, 31/14 ซอย 3 ถนนคลองเรียน 2 ตำบลหาดใหญ่ อำเภอหาดใหญ่ จังหวัดสงขลา 
โทร 086964**** นพ.ศุภมงคล รพ.มอ.(ผู้แจ้งเหตุ)

เบอร์พ่อแม่ผม
081-963-**** พ่อ
091-848-**** แม่

https://maps.app.goo.gl/KTNz2hLrbiiweVUC6?g_st=ipc
📍7.0016110, 100.4825000"
328,"❗️ขอความช่วยเหลืออพยพ คุณแม่ผมอยู่บริเวณเขต 8 ครับ
โซนที่อยู่ : บ้านเลขที่ 45 ซ.3/5 ถ.สาครมงคล 2 ต.หาดใหญ่ อ.หาดใหญ่ จ.สงขลา (บริเวณเขต 8 ใกล้ๆ ร้านอาหารไก่ใต้นำ)
https://maps.app.goo.gl/typAoPjYHDmTSUJP9?g_st=ipc

ชื่อผู้แจ้ง: จุ้ย
คนในบ้าน: 1 คน เป็นผู้สูงอายุ 
ระดับน้ำ: กำลังขึ้นมาชั้น 2 ของบ้าน และกำลังสูงขึ้นเรื่อยๆ
จุดสังเกตุ : หน้าบ้านมีรั่วสีเงิน หลังคาสีส้ม บนชั้น 2 มีธงชาติไทย
⛔️ต้องการ: อพยพผู้สูงอายุ

ติดต่อ:
(ผู้ประสบภัย)
085934**** หรือ 086289****
(ผู้แจ้ง)
082808**** หรือ 093659****"
329,กระทรวงมหาดไทยเขาทำอยู่แล้วค่ะ อย่าเล่นง่าย
330,"เคลมของกองทัพมาทั้งดุ้น
คนเลยไม่รู้จะแจ้งทางไหนดี
สรุปแจ้งทั้งของ กองทัพภาค 4 และมาแจ้งที่หน้าเพจนี้อีก
ข้อมูลเลยซ้ำกัน 
ทำไมไม่ลงไปด้วยว่า เป็นของกองทัพภาค 4"
331,"🆘ขอความช่วยเหลือค่ะ 🆘🙏😭
ตอนนี้ยังไม่ได้รับความช่วยเหลือเลยค่ะ ไม่มีใครผ่านมาเลย ต้องการอพยพค่ะและอาหาร 
ซอย7 ลพบุรีราเมศวร์ 12/567 ห้องเช่าป้ามาลี ตึกสีชมพู ซอย1 สะพานดำ ต.คลองแห อำเภอหาดใหญ่ สงขลา
น้อง2คน แมว2ตัว คนอื่น18คน
06-3774-**** บิว
06-3686-**** กิ๊ก
ติดต่อใครไม่ได้แล้ว
ผู้แจ้งพี่สาวกิ๊ก 080776****"
332,"ขอความช่วยเหลือหน่อยคับแฟนกับลูกผมติดอยู่หมู่บ้านสุธาทิพย์แถว123Houseน้ำจะถึงชั้น2แล้วมีคนติดกันอยู่เยอะ
เบอร์ติดต่อ089673****"
333,รบกวนหน่อยครับ ตอนนี้ไม่มีน้ำ อาหาร ต้องการอพยพ เพื่อนบ้านท้องแก่ 36 วีค 155/12 ถ.สาครมงคล2  บ้านสวนพิศิษ ใกล้ๆร้านไก่ใต้น้ำ
334,#ทุกน้องน้ำ ทำไมมารวมตัวที่นี่ ที่เดียว?
335,ทำไมต้องทำเฉพาะหาดใหญ๋ ต้องรอให้ฉิบหายก่อน?
336,✅👍🧡💪🙏✌️
337,👍
338,👍👍👍
339,🧡🧡
340,https://www.facebook.com/1701090951/posts/10214246066661192/?mibextid=Nif5oz
341,🍊
342,Thanaphat Wuttisan
343,ประดับศรี บัวแก้ว
344,Panat Panthong
345,Parisa Masjorn
346,Naung Unjak NT
347,✌️✌️✌️👏🧡🧡🍊🧡
348,🧡
349,ขอความช่วยเหลือ 🚨ครอบครัว 3คน เด็ก1 ผู้ใหญ่2 19 30\2 ถนนราษอุทิศ ต.หาดใหญ่ อ.หาดใหญ่ จ.สงขลา
350,"นักศึกษา และเพื่อน 7-8คน 🚨ขอความช่วยเหลือ
092-353-****
092-510-****
099-408-****  
‼️พิกัด บ้านเช่า สีชมพู  ซอยหลัง เซเว่น 39 ถนน พลพิชัย ซอยวัดปลักกริม ต.คอหง อ.หาดใหญ่ จะ.สงขลา

ขอความช่วยเหลือ ติด 2-3วันเเล้ว สัญญาณมือถือโดนตัด ไม่มีอาหารและะน้ำดื่ม แบตตมือถือหมดเเล้ว"
351,"📌📌ขอความช่วยเหลือด่วน
ซอยบ้านลูกแก้ว  หลังค่ายเสนา 
มีคน ติดอยู่ในบ้านหลายคน 

📌ไม่มีอาหาร ไม่มีน้ำดื่มแล้ว  ต้องการอพยพด่วน
181/116 ซ.บ้านลูกแก้ว ต.หาดใหญ่ อ.หาดใหญ่ จ.สงขลา 
โทร 092- 931****"
352,"🚨🚨 ขอความช่วยเหลือครับ 🚨🚨
พ่อแม่ หลาน ติดอยู่ในบ้านชั้น 2 ของบ้าน
** จำนวน 7 คน ** ผู้ใหญ่ 4 เด็ก 3 **
ตอนนี้น้ำกำลังขึ้นถึงชั้น 2 แล้วครับ ต้องการอพยพด่วนๆครับ ช่วยด้วยครับ
📍248/76 ซอย 6 ถนนรัถการ ต.หาดใหญ่ อ.หาดใหญ่ จ.สงขลา 
ต้องการอพยพ โทร 087287**** แม่ 081-471-**** พี่สาว

## มีประชาชนติดอยู่ในซอยจำนวนมาก ตอนนี้ไม่มีสัญญาณ แบตหมดแล้วครับ 
#น้ำท่วมหาดใหญ่ เทศบาลนครหาดใหญ่"
353,เรื่องด่วนชั่วโมงนี้
354,"คนเชียร์ส้มนี่ก็ควายเนอะ ไม่เอะใจไรมั่งเลยหรอ ถ้าไปตามเป้าหมายตาม Ai แล้วระหว่างทางที่ไป มึงจะไม่เจอผู้ประสบภัยคนอื่นเลยหรอ แล้วถ้าคนที่ไม่ได้ส่งข้อความคือมึงจะไม่ช่วยว่างั้น ต้องรอเค้าส่งข้อความหรอ บางคนไฟตัดแบทมือถือหมดส่งข้อความไม่ได้ แต่อยู่ระหว่างทางที่ไปช่วยคนที่ ai แจ้ง มึงจะช่วยมั้ย เพราะเรือลำเล็กช่วยได้แค่คนที่อยู่ในเป้าหมายของAi
 เหอๆ หน้างานกับนั่งพิมหลังคอมมันต่างกันเยอะนะ 
กู้ภัยเค้าเจอตรงไหนช่วยทันที ไม่จำเป็นต้องส่งข้อความให้Ai มาคัดนะ อีกอย่างทีมหน้างานเค้าก็มีพิกัดของแต่ละทีมกันอยู่แล้ว ว่าใครอยู่โซนไหน 
* อีกอย่างกว่า Ai มึงจะประมวลผลข้อมูลมึงกี่วันมาแล้ว ไม่ใช่กู้ภัยเค้าช่วยกันไปแล้วรึข้อมูลของมึงมันไม่ได้เรียลทามนะ ควายชิบหาย สมกับเป็นส้ม ใครมาด่ากับกูมีข้อมูลมาด้วยนะกุคนหาดใหญ่"
355,มีคนแก่ 2 คนอยู่ในร้านบ้านหม้อแบตเตอรี่ครับ https://maps.app.goo.gl/JCaALkr7GtasRaf69?g_st=ipc
356,รบกวนช่วยไปสอนไอ้คนที่คุณให้มันไปเป็นนายกหน่อย
357,"ได้ภาพจาก Google ปี 2024 ￼￼นำมาประกอบเข้าด้วยกัน 
เพื่อให้หน่วยกู้ภัยตามหาบ้านหลังนี้ให้เจอนะคะ 
       ## พิกัด  หลังแบงค์ชาติ เขต1 
             ￼￼￼91/14 นิพัทธ์สงเคราะห์5 เป็นซอยส่วนบุคคลอยู่ตรงข้าม ซอยนิพัทธ์สงเคราะห์ 5/1  ตำบลหาดใหญ่ อำเภอหาดใหญ่ จังหวัดสงขลา ￼

          รบกวนพี่น้องชาวหาดใหญ่ใครยังคงมีเน็ตอยู่หรือเพื่อนพี่น้องที่อยู่กรุงเทพหรือจังหวัดต่างๆรบกวนแชร์เหตุการณ์ด้วยคะ 
          ตอนนี้คือติดต่อคนที่บ้านไม่ได้เลย 
          คาดว่าทุกคนแบตหมด ไม่มีน้ำไม่มีไฟใช้ ขาดแคนอาหาร บ้านจมอยู่ใต้น้ำหนึ่งวันแล้ว￼ ล่าสุดจากที่คุยไป
          ￼สถานการณ์เป็นไปอย่างที่ข่าวออกคือคนส่วนมากยืนอยู่หลังหลังคา  ขาดการเข้าถึงไม่มีความช่วยเหลือ ￼
ฝนยังตกเป็นระยะ น้ำขึ้นลง ตามสภาพอากาศ
          มีคนติดอยู่ 13 คน
          ผู้ป่วยติดเตียง  1 คน
          ผู้ป่วยต้องการยาเบาหวานและยาความดัน 1 คน
          เด็ก 3 คน อายุไม่เกิน 10 ขวบ 
          ผู้ใหญ่อีก 8 คน￼

The photos were taken from Google (2024) and put together
to help the rescue team locate this house.

Location

Behind the Bank of Thailand, Zone 1
91/14 Niphatsongkhro 5 — this is a private alley located directly opposite Niphatsongkhro 5/1,
Hat Yai Subdistrict, Hat Yai District, Songkhla Province.

We kindly ask everyone in Hat Yai who still has internet, or anyone with relatives and friends in Bangkok or other provinces, to please share this information.

Right now, we cannot contact anyone at the house at all.
It is assumed that everyone’s phone batteries are dead.
There is no water, no electricity, and they are running out of food.
The house has been underwater for a full day already, based on our last conversation.

The situation is just as the news reports:
most people are standing on rooftops, unable to escape, with no access to help.
It is still raining intermittently.
Water levels are rising and falling with the weather.

There are 13 people trapped.
• 1 bedridden patient
• 1 patient who urgently needs diabetes and blood pressure medication
• 3 children under 10 years old
• 8 adults"
358,"⚠️⚠️⚠️⚠️
ข้อมูล ณ  วันที่ 25.11.2568
น้ำท่วมจะมิดหลังคาชั้น 2 แล้วค่ะ
หากใครช่วยได้ อยากให้เข้าไปช่วยเหลือด้วย
ในโซนนั้นทั้งหมด ยังไม่มีใครได้อพยพค่ะ

ติดต่อ 061469**** / 089654****

บ้านเลขที่ 13 ซอยถนนจันทร์วิโรจน์ ซอย 2
พิกัด https://maps.app.goo.gl/a1AFXA9U5EipGLPE7

ข้อมูลผู้ต้องการอพยพ จำนวน 5 คน
เป็นผู้สูงอายุเพศหญิง 1 คน/ เด็กอายุหนึ่งขวบ 2 คน / ผู้ใหญ่ ชาย-หญิง 2 คน

#น้ำท่วมหาดใหญ่
#น้ําท่วม 
#ต้องการอพยพ"
359,"📍📍ต้องการอพยพพื้นเร่งด่วน มีเด็ก 3 คน ผู้ใหญ่ 2 คน 

🕹️พิกัด🕹️ https://maps.app.goo.gl/g8HcDrZFPbEt7akR7

📌🏓พิกัด 71/228 หมู่1 ซ.10 สะพานดำ ต.คลองแห บ้านหลังสีม่วง อยู่สุดซอย 

062-820**** ผู้เดือดร้อน
082-829**** ผู้แจ้ง

 ติดต่อหน่วยงานไม่มีใครรับสายเลย ต้องการความช่วยเหลือเร่งด่วนมาก ตอนนี้ไปอยู่บนหลังคา ติดต่อลูกไม่ได้แล้ว ขอให้ความช่วยเหลืออย่างเร่งด่วน อาหารขาดแคลน🙏

#น้ำท่วมหาดใหญ่ #ชุมชนสะพานดำ
#ขอความช่วยเหลือเร่งด่วน"
360,"มีเด็กและผู้ใหญ่ติดอยู่ประมาณ 22 คน ขาดน้ำ อาหารยังพอมีอยู่ ถ้าอพยมออกมาไม่ได้ รบกวนช่วยส่งน้ำดื่มอาหารให้หน่อยนะคะ ติดต่อญาติไม่ได้แล้วตั้งแต่เมื่อวาน อยู่กันที่ชั้น 2

ศาลเจ้านาจาไท้จื้อ หน้า รร.ญว.
ถ.จิระนคร ต.หาดใหญ่ 
อ.หาดใหญ่ จ.สงขลา
https://maps.app.goo.gl/AxbUrD6uvwwjL9g66?g_st=al"
361,"SOS น้ำท่วม

 ชื่อผู้ประสบภัย ชาญชัย อรรถโกวิทกุล

1. ชื่อผู้แจ้ง:ผณินทร อรรถโกวิทกุล
2. ที่อยู่/พิกัดที่ต้องการความช่วยเหลือ: 79 ราษฎรยินดีซอย3 (ติดกับมีสุขแมนชั่นเผื่อป้ายบ้านจมน้ำ) หาดใหญ่
3. จำนวนคนที่ติดอยู่ในพื้นที่:1
4. ผู้ป่วย/ผู้บาดเจ็บ (ถ้ามี):
- รายละเอียดอาการ:โรคประจำตัวความดัน
-ผู้สูงอายุ/เด็ก/ผู้พิการะ:ผู้สูงอายุ71ปี
5. เบอร์ติดต่อกลับ:096636****
วันที่ 25/11/68 เวลา19:58
6. พิกัด GPS

พิกัด 79 ราฎยินดีซอย3 บ้านใกล้มีสุขแมนชั่น 

https://maps.app.goo.gl/NWHBsozirAVWSZR99

089466**** เบอร์ลูกสาว
096636**** เบอร์ลูกชาย"
362,"รบกวนช่วยเหลือเพื่อนด้วยค่ะตอนนี้ติดต่อไม่ได้เลย
มีเด็กอายุ 6 ขวบ 1 คนผู้ใหญ่ 2 คน
เอ๋-อาร์ต 
ที่อยู่ 37 รัตนอุทิศ 21-22 ซอยน้องรัก หาดใหญ่ 

พิกัด 7°01'13.2""N 100°27'36.9""E

https://maps.app.goo.gl/g3ebGnMGzTKmM5oJ6?g_st=ipc"
363,"ขอรบกวนฝากเคสด้วยนะคะ

ภายในหมู่บ้านสวนวังนนท์ ซอย 2/2 
ตำบลบ้านพรุ อำเภอหาดใหญ่ จังหวัดสงขลา 
🙏🏻269/114  40 คน เด็ก 3 แมว 14
🙏🏻269/110 12 คน
พิกัด 269/114
https://maps.app.goo.gl/TAJF9oTXKzte93yC7?g_st=il

ภายในซอย 2/1 
🚩🚩🚩บ้านเลขที่ 269/107 ด้วยครับ ผู้ใหญ่ 5 คน มีคนแก่พอช่วยเหลือตัวเองได้เล็กน้อย 1 คน กับคนแก่ตาบอดติดเตียง 1 คน และเด็ก 2 คนครับ รวมทั้งหมด 9 คนครับ
พิกัดบ้าน 269/107
https://maps.app.goo.gl/ri85AzRMpKFcep1k9

ภายในหมู่บ้านสวนวังนนท์ ซอย 1
🙏🏻269/25 5 คน 1 ตัว
พิกัดบ้าน 269/25
https://maps.app.goo.gl/h14fwrRTNDqW9q1N9?g_st=ipc
🙏🏻269/26 4 คน หมา 2 ตัว 
🙏🏻269/31 16 คน เด็ก 8 ทารก 1

พิกัดบ้าน 269/104
https://maps.app.goo.gl/VeHcNWGV8qBzoUVt5
🙏🏻269/104 จำนวน 2 คน
🙏🏻269/105 จำนวน 4 คนค่ะ

รวม 104 คน
หมา+แมว 17 ตัว"
364,"🚨ขอข้าวขอน้ำ + ต้องการอพยพ🚨
น้ำถึงชั้น 2 แล้ว ชั้น 3 มีงู ผู้สูงอายุ 60 ปี 2 ท่าน
ที่อยู่ 8 ถนน ประชาธิปัตย์ ซอย 1 อำเภอหาดใหญ่จังหวัดสงขลา
เบอร์ 089-370-**** 084-603-****
ลูกสาว: 090984****
https://maps.app.goo.gl/2BaTKVzz6EkYMdhB9?g_st=ipc"
365,ขอความช่วยเหลือด้วยค่ะ ตอนนี้ที่บ้านคลองหวะมีคนติดอยู่ 9 092649**** คนบ้านอยู่ข้างอู่ตี๋เล็กเซอร์วิส เป็นผู้สูงอายุ 3 คนเด็ก2 น้องชายอีก 1 คน น้องข้างบ้านอีก3 คน หน้าต่างบ้านมีเหล็กดัด มีให้น้องชายเอาผ้าแดงมาปักหน้าบ้านแล้ว น้ำกำลังจะท่วมชั้นสอง รบกวนช่วยคนที่ยังติดอยู่ในบ้านให้หน่อยนะคะ ในหมู่บ้านนยังมีบ้านชั้นเดียวอีกหลายหลัง ช่วยเข้ามาดูหน่อบนะคะ https://maps.app.goo.gl/39k2ZVykeDbKQBpy9
366,"•  ญาติ 2 คนกับหมาแมว ที่จันทร์วิโรจน์ ถ.สามัคคี (อยากให้เอาข้าวไปให้หรือช่วยออกมา) https://maps.app.goo.gl/dej9zoeigV3pZzhU7?g_st=ipc

•  น้องพี่ป้าลุง อยู่กัน 5 คน อยู่โรงแรม W3 ชั้น 6 (เอาข้าวไปส่งหน่อย มีคนแก่) เบอร์น้องเรา 095-823-**** (หมิว)

•  แม่อยู่ศูนย์ดูแลคนชราที่คลองแห มีคนดูแลคุมน้ำอาหารแต่ไปฟอกไตที่รพ.ค่ายไม่ได้ รถเข้าไม่ได้ https://www.facebook.com/share/1Fo615cp9h/?mibextid=wwXIfr"
367,"🆘 🚨🚨🚨🚨🆘
53 ราษฎร์ยินดี ซอย 6 ตำบล หาดใหญ่ อำเภอหาดใหญ่ สงขลา 90110

เป็นคอนโด น้ำท่วมมิดชั้น 1 ไม่สามารถ ออกไปได้ เพราะน้ำลึกมาก และตอนนี้ไม่มีอาหารด้วย มีคนต้องการอพยพออกไปเป็นจำนวน 20 คน

062-159-**** นันณภัส ชูแก้ว
095-726-**** กรรภิรมย์ บัวพันธฺ

https://www.google.com/maps/place/7°00'35.0%22N+100°28'59.3%22E/@7.0097274,100.4831459,16z/data=!4m4!3m3!8m2!3d7.0097274!4d100.4831459?utm_campaign=ml-sul&g_ep=Eg1tbF8yMDI1MTExOV8wIJvbDyoASAJQAg%3D%3D"
368,"🆘 🚨🚨🚨🚨🆘
53 ราษฎร์ยินดี ซอย 6 ตำบล หาดใหญ่ อำเภอหาดใหญ่ สงขลา 90110

เป็นคอนโด น้ำท่วมมิดชั้น 1 ไม่สามารถ ออกไปได้ เพราะน้ำลึกมาก และตอนนี้ไม่มีอาหารด้วย มีคนต้องการอพยพออกไปเป็นจำนวน 20 คน

062-159-**** นันณภัส ชูแก้ว
095-726-**** กรรภิรมย์ บัวพันธฺ

https://www.google.com/maps/place/7°00'35.0%22N+100°28'59.3%22E/@7.0097274,100.4831459,16z/data=!4m4!3m3!8m2!3d7.0097274!4d100.4831459?utm_campaign=ml-sul&g_ep=Eg1tbF8yMDI1MTExOV8wIJvbDyoASAJQAg%3D%3D"
369,"🆘 ชุมชนนพเก้า - ริมเมือง 🆘
หลังโรงแรมซิกเนเจอร์ประปา ขออาหารหน่อยครับ 

ระดับน้ำขั้นวิกฤต บ้าน 2 ชั้นมิดหลังคาแล้วครับ 

ต้องการอาหารโดยด่วน ตอนนี้คนในชุมชนช่วยกับอพยพมาอยู่กันที่หอพักซาอิส (ตึกสีส้ม) ชั้น 3-4 และตึกร้างหลังมัสยิด อพยพกับมาหลายครอบครับ ขออาหารหน่อยครับ ไม่ได้กินอะไรกันหลายวันแล้ว

พิกัด: https://maps.app.goo.gl/4q2SNTADJnwbgE5TA"
370,"#ขอความช่วยเหลือ 
วันที่ 25.11.2568 เวลา 10:00 น.

❗️ถนนโชคสมาน 4 บ้านสีเขียวและสีเทาตรง 4 แยก
ต้องการอพยพด่วน ตอนนี้น้ำขึ้นชั้นสอง ทำได้เพียงแค่นั่งแช่น้ำเพราะไม่มีทางจะไปแล้วค่ะ วอนทุกหน่วยงานเข้าช่วยเหลือด้วยนะคะ
📍ในบ้านมี ผู้สูงอายุ4คน เด็กเล็ก1คน ผู้ใหญ่ 2 คน

 ⛔️ ต้องการอพยพทุกคนในบ้านด่วน !!!

ติดต่อ: 061032**** (ผู้แจ้ง)

098985****ผู้ประสบภัย

https://maps.app.goo.gl/3JCP5T5aXRvqP8jJ8?g_st=al"
371,"📌📌📌 ขอความช่วยเหลือด่วนค่ะ ในร้าน cocohom ขับเข้ามาสุดซอย มีคนติดอยู่ 6 คนค่ะ ตอนนี้น้ำถึงชั้น 2 แล้ว มีเด็กเล็ก 2 คน 👶🏼👶🏼ต้องการอพยพด้วย🥲🥲 สี่แยกนวลแก้ว
📍📍155/1 ซอยพรหมสุขอุทิศ ถนน.อนุสรณ์อาจารย์ทอง ตำบลหาดใหญ่
มีผู้ติดอยู่ 6 คน
1.นายสันติกมล ธรรมวาโร 59 ความดัน
2.นางเสาวลักษณ์ ธรรมวาโร 58 เบาหวานต้องฉีดยา
3.กาญจนา ธรรมวาโร 28
4.กษมาพร ชูเย็น 33
5.ด.ญ. ทิชา ชูเย็น 1 ปี 7 เดือน
6.ด.ช. นนทกฤษ ชูเย็น 3 ปี 7 เดือน โรคหอบ
โทร.
091-049****
093964****
088459****

https://maps.app.goo.gl/Ysobhb3vMU6gdin6A?g_st=ifm"
372,"1ชื่อ มอส น้องชาย
2เบอร์ผู้ประสบภัย 063070**** ไม่มีสัญญาณ
3 เบอร์ผู้แจ้ง 082947****
4จำนวนผู้ประสบภัย 20คน ยุหลังเดียวกัน เด็ก2ขวบ1 3ขวบ 1 เด็กโต4คน
5.ความต้องการ อพยพด่วนสุดชั้น2นอนบนน้ำหังเข่าแล้วเด็กไม่มีนมกิน
6จุดสังเกตุ วัดปรักกริมสระน้ำ หอพักชื่นสุข หอพักชื่นจันทร์
7พิกัด gps https://maps.app.goo.gl/9Lr9ztReQjq7EW3d8?g_st=ac"
